filename,label,accuracy
001Bulbasaur_RG.png,poke,1.0
002Ivysaur_RG.png,poke,0.9850993377483444
003Venusaur_RG.png,poke,0.9708904109589042
004Charmander_RG.png,poke,1.0
005Charmeleon_RG.png,poke,1.0
006Charizard_RG.png,poke,1.0
007Squirtle_RG.png,poke,1.0
008Wartortle_RG.png,poke,0.9965397923875432
009Blastoise_RG.png,poke,1.0
010Caterpie_RG.png,poke,0.9948979591836735
011Metapod_RG.png,poke,0.985553772070626
012Butterfree_RG.png,poke,0.7785714285714286
013Weedle_RG.png,poke,0.9968
014Kakuna_RG.png,poke,0.9968354430379747
015Beedrill_RG.png,poke,0.9888535031847133
016Pidgey_RG.png,poke,0.8637110016420362
017Pidgeotto_RG.png,poke,0.9521367521367521
018Pidgeot_RG.png,poke,0.8200371057513914
019Rattata_RG.png,poke,0.9984025559105432
020Raticate_RG.png,poke,1.0
021Spearow_RG.png,poke,1.0
022Fearow_RG.png,poke,0.5996621621621622
023Ekans_RG.png,poke,0.9948892674616695
024Arbok_RG.png,poke,0.9967373572593801
025Pikachu_RG.png,poke,0.9671052631578947
026Raichu_RG.png,poke,1.0
027Sandshrew_RG.png,poke,0.9930795847750865
028Sandslash_RG.png,poke,1.0
029Nidoran_RG.png,poke,0.9756521739130435
030Nidorina_RG.png,poke,1.0
031Nidoqueen_RG.png,poke,1.0
032Nidoran_RG.png,poke,1.0
033Nidorino_RG.png,poke,1.0
034Nidoking_RG.png,poke,1.0
035Clefairy_RG.png,poke,1.0
036Clefable_RG.png,poke,1.0
037Vulpix_RG.png,poke,1.0
038Ninetales_RG.png,poke,0.9838187702265372
039Jigglypuff_RG.png,poke,0.9983844911147012
040Wigglytuff_RG.png,poke,1.0
041Zubat_RG.png,poke,1.0
042Golbat_RG.png,poke,1.0
043Oddish_RG.png,poke,0.9667194928684627
044Gloom_RG.png,poke,0.9467741935483871
045Vileplume_RG.png,poke,0.9373040752351097
046Paras_RG.png,poke,0.99830220713073
047Parasect_RG.png,poke,1.0
048Venonat_RG.png,poke,0.5928338762214984
049Venomoth_RG.png,poke,0.9749163879598662
050Diglett_RG.png,poke,0.9805510534846029
051Dugtrio_RG.png,poke,0.9967105263157895
052Meowth_RG.png,poke,0.9982698961937716
053Persian_RG.png,poke,0.9965337954939342
054Psyduck_RG.png,poke,0.9966329966329966
055Golduck_RG.png,poke,1.0
056Mankey_RG.png,poke,0.998330550918197
057Primeape_RG.png,poke,1.0
058Growlithe_RG.png,poke,0.9983525535420099
059Arcanine_RG.png,poke,0.9509001636661211
060Poliwag_RG.png,poke,0.7088186356073212
061Poliwhirl_RG.png,poke,0.8692052980132451
062Poliwrath_RG.png,poke,0.9966777408637874
063Abra_RG.png,poke,1.0
064Kadabra_RG.png,poke,1.0
065Alakazam_TCG.png,poke,1.0
066Machop_TCG.png,poke,0.9935275080906149
067Machoke_TCG.png,poke,0.1847649918962723
068Machamp_TCG.png,poke,0.9984152139461173
069Bellsprout_RG.png,poke,1.0
070Weepinbell_RG.png,poke,0.9863945578231292
071Victreebel_RG.png,poke,1.0
072Tentacool_RG.png,poke,0.96843853820598
073Tentacruel_RG.png,poke,0.9965635738831615
074Geodude_RG.png,poke,1.0
075Graveler_RG.png,poke,1.0
076Golem_RG.png,poke,1.0
077Ponyta_RG.png,poke,0.9898132427843803
078Rapidash_RG.png,poke,1.0
079Slowpoke_RG.png,poke,0.9932546374367622
080Slowbro_RG.png,poke,1.0
081Magnemite_RG.png,poke,0.680921052631579
082Magneton_RG.png,poke,0.9696428571428571
083Farfetch%27d_RG.png,poke,1.0
084Doduo_RG.png,poke,0.4597156398104265
085Dodrio_RG.png,poke,0.9618573797678275
086Seel_RG.png,poke,0.9983277591973244
087Dewgong_RG.png,poke,1.0
088Grimer_RG.png,poke,0.9967585089141004
089Muk_RG.png,poke,1.0
090Shellder_RG.png,poke,0.9983361064891847
091Cloyster_RG.png,poke,1.0
092Gastly_RG.png,poke,0.9121405750798722
093Haunter_RG.png,poke,1.0
094Gengar_RG.png,poke,1.0
095Onix_RG.png,poke,0.9846153846153847
096Drowzee_RG.png,poke,1.0
097Hypno_RG.png,poke,0.9968253968253968
098Krabby_RG.png,poke,1.0
099Kingler_RG.png,poke,1.0
100Voltorb_RG.png,poke,0.9933993399339934
101Electrode_RG.png,poke,0.9265175718849841
102Exeggcute_RG.png,poke,1.0
103Exeggutor_RG.png,poke,0.9900166389351082
104Cubone_RG.png,poke,1.0
105Marowak_RG.png,poke,1.0
106Hitmonlee_RG.png,poke,1.0
107Hitmonchan_RG.png,poke,1.0
108Lickitung_RG.png,poke,1.0
109Koffing_RG.png,poke,0.9856
110Weezing_RG.png,poke,0.9965694682675815
111Rhyhorn_RG.png,poke,1.0
112Rhydon_RG.png,poke,1.0
113Chansey_RG.png,poke,0.9786535303776683
114Tangela_RG.png,poke,0.9951060358890701
115Kangaskhan_RG.png,poke,1.0
116Horsea_RG.png,poke,1.0
117Seadra_RG.png,poke,1.0
118Goldeen_RG.png,poke,1.0
119Seaking_RG.png,poke,0.8629893238434164
120Staryu_RG.png,poke,1.0
121Starmie_RG.png,poke,1.0
122Mr._Mime_RG.png,poke,1.0
123Scyther_RG.png,poke,1.0
124Jynx_RB.png,poke,0.9785478547854786
125Electabuzz_RG.png,poke,0.5235008103727715
126Magmar_RG.png,poke,0.8755622188905547
127Pinsir_RG.png,poke,0.9967213114754099
128Tauros_RG.png,poke,0.9965928449744463
129Magikarp_RG.png,poke,0.9983552631578947
130Gyarados_RG.png,poke,1.0
131Lapras_RG.png,poke,1.0
132Ditto_RG.png,poke,1.0
133Eevee_RG.png,poke,0.9984520123839009
134Vaporeon_RG.png,poke,1.0
135Jolteon_RG.png,poke,0.7292724196277496
136Flareon_RG.png,poke,1.0
137Porygon_RG.png,poke,1.0
138Omanyte_RG.png,poke,0.854632587859425
139Omastar_RG.png,poke,1.0
140Kabuto_RG.png,poke,1.0
141Kabutops_RG.png,poke,1.0
142Aerodactyl_TCG.png,poke,1.0
143Snorlax_RG.png,poke,1.0
144Articuno_RG.png,poke,0.8917609046849758
145Zapdos_RG.png,poke,0.892436974789916
146Moltres_RG.png,poke,1.0
147Dratini_RG.png,poke,1.0
148Dragonair_RG.png,poke,0.9817275747508306
149Dragonite_RG.png,poke,1.0
150Mewtwo_RG.png,poke,1.0
151Mew_RG_2.png,poke,0.9984051036682615
152Chikorita_GS.png,poke,0.9432013769363167
153Bayleef_GS.png,poke,1.0
154Meganium_GS.png,poke,0.9731543624161074
155Cyndaquil_GS.png,poke,0.9912891986062717
156Quilava_GS.png,poke,0.9024793388429752
157Typhlosion_GS.png,poke,0.3805601317957166
158Totodile_GS.png,poke,0.9882943143812709
159Croconaw_GS.png,poke,0.9900166389351082
160Feraligatr_GS.png,poke,0.9849498327759197
161Sentret_GS.png,poke,0.3826955074875208
162Furret_GS.png,poke,0.9950980392156863
163Hoothoot_GS.png,poke,0.9358552631578947
164Noctowl_GS.png,poke,0.9371816638370118
165Ledyba_GS.png,poke,0.6460767946577629
166Ledian_GS.png,poke,1.0
167Spinarak_GS.png,poke,0.42162162162162165
168Ariados_GS.png,poke,0.07436708860759493
169Crobat_GS.png,poke,0.9042735042735043
170Chinchou_GS.png,poke,0.967479674796748
171Lanturn_GS.png,poke,1.0
172Pichu_GS.png,poke,0.9983221476510067
173Cleffa_GS.png,poke,1.0
174Igglybuff_GS.png,poke,0.7074010327022375
175Togepi_GS.png,poke,1.0
176Togetic_GS.png,poke,0.9984
177Natu_GS.png,poke,0.9757785467128027
178Xatu_GS.png,poke,0.879045996592845
179Mareep_GS.png,poke,0.9588138385502472
180Flaaffy_GS.png,poke,0.9916943521594684
181Ampharos_GS.png,poke,0.7392739273927392
182Bellossom_GS.png,poke,0.9983498349834984
183Marill_GS.png,poke,0.9777777777777777
184Azumarill_GS.png,poke,0.9676320272572402
185Sudowoodo_GS.png,poke,0.9532258064516129
186Politoed_GS.png,poke,0.8050420168067227
187Hoppip_GS.png,poke,0.9883527454242929
188Skiploom_GS.png,poke,0.9662731871838112
189Jumpluff_GS.png,poke,0.7066895368782161
190Aipom_GS.png,poke,0.9982300884955753
191Sunkern_GS.png,poke,0.9897610921501706
192Sunflora_GS.png,poke,1.0
193Yanma_GS.png,poke,0.7373417721518988
194Wooper_GS.png,poke,0.9770867430441899
195Quagsire_GS.png,poke,1.0
196Espeon_GS.png,poke,0.9782244556113903
197Umbreon_GS.png,poke,0.8249594813614263
198Murkrow_GS.png,poke,0.7544715447154472
199Slowking_GS.png,poke,1.0
200Misdreavus_GS.png,poke,0.9966996699669967
201Unown_GS.png,poke,0.8896551724137931
202Wobbuffet_GS.png,poke,1.0
203Girafarig_GS.png,poke,0.9619651347068146
204Pineco_GS.png,poke,0.9931856899488927
205Forretress_GS.png,poke,1.0
206Dunsparce_GS.png,poke,0.9983277591973244
207Gligar_GS.png,poke,1.0
208Steelix_GS.png,poke,0.9983525535420099
209Snubbull_GS.png,poke,1.0
210Granbull_GS.png,poke,1.0
211Qwilfish_GS.png,poke,0.993431855500821
212Scizor_GS.png,poke,0.7380191693290735
213Shuckle_GS.png,poke,0.9023972602739726
214Heracross_GS.png,poke,0.4548440065681445
215Sneasel_GS.png,poke,0.9930313588850174
216Teddiursa_GS.png,poke,1.0
217Ursaring_GS.png,poke,0.9547657512116317
218Slugma_GS.png,poke,1.0
219Magcargo_GS.png,poke,1.0
220Swinub_GS.png,poke,0.998371335504886
221Piloswine_GS.png,poke,1.0
222Corsola_GS.png,poke,1.0
223Remoraid_GS.png,poke,0.998371335504886
224Octillery_GS.png,poke,1.0
225Delibird_GS.png,poke,1.0
226Mantine_GS.png,poke,0.993322203672788
227Skarmory_GS.png,poke,0.8741379310344828
228Houndour_GS.png,poke,0.9578947368421052
229Houndoom_GS.png,poke,0.3012232415902141
230Kingdra_GS.png,poke,0.9983193277310924
231Phanpy_GS.png,poke,1.0
232Donphan_GS.png,poke,0.7813504823151125
233Porygon2_GS.png,poke,1.0
234Stantler_GS.png,poke,0.856175972927242
235Smeargle_GS.png,poke,0.996694214876033
236Tyrogue_GS.png,poke,1.0
237Hitmontop_GS.png,poke,0.9968847352024922
238Smoochum_GS.png,poke,0.8490566037735849
239Elekid_GS.png,poke,0.8
240Magby_GS.png,poke,0.9277504105090312
241Miltank_GS.png,poke,0.9778129952456418
242Blissey_GS.png,poke,0.9953125
243Raikou_GS.png,poke,1.0
244Entei_GS.png,poke,0.986863711001642
245Suicune_GS.png,poke,0.9915682967959528
246Larvitar_GS.png,poke,0.9983333333333333
247Pupitar_GS.png,poke,1.0
248Tyranitar_GS.png,poke,0.9901315789473685
249Lugia_GS.png,poke,0.9968
249Lugia_GS_2.png,poke,0.7386934673366834
250Ho-Oh_GS.png,poke,0.7268211920529801
250Ho-Oh_GS_2.png,poke,0.8214876033057851
251Celebi_GS.png,poke,0.9965635738831615
item001_フシギダネ.png,poke,1.0
item002_フシギソウ.png,poke,0.8060413354531002
item003-1_メガフシギバナ.png,poke,0.812
item003_フシギバナ.png,poke,0.6703296703296703
item004_ヒトカゲ.png,poke,0.9952456418383518
item005_リザード.png,poke,0.9646302250803859
item006-1_メガリザードンＸ.png,poke,0.886
item006-2_メガリザードンＹ.png,poke,0.996
item006-3_リザードン.png,poke,0.9905
item006_リザードン.png,poke,1.0
item007_ゼニガメ.png,poke,0.9864406779661017
item008_カメール.png,poke,0.9967213114754099
item009-1_メガカメックス.png,poke,0.959
item009_カメックス.png,poke,0.995
item010_キャタピー.png,poke,0.9948542024013722
item011_トランセル.png,poke,0.9967159277504105
item012-1_バタフリー.png,poke,0.39
item012_バタフリー.png,poke,0.9759450171821306
item013_ビードル.png,poke,0.9402460456942003
item014_コクーン.png,poke,0.9936507936507937
item015-1_メガスピアー.png,poke,0.629
item015_スピアー.png,poke,0.7865168539325843
item016_ポッポ.png,poke,0.5231788079470199
item017_ピジョン.png,poke,0.697463768115942
item018-1_メガピジョット.png,poke,0.4085
item018_ピジョット.png,poke,0.9280936454849499
item019-1_コラッタ.png,poke,0.9405
item019_コラッタ.png,poke,0.9952305246422893
item020-1_ラッタ.png,poke,0.519
item020_ラッタ.png,poke,0.9915682967959528
item021_オニスズメ.png,poke,0.994991652754591
item022_オニドリル.png,poke,0.7016949152542373
item023_アーボ.png,poke,0.715702479338843
item024_アーボック.png,poke,0.9935587761674718
item025-1_ピカチュウ.png,poke,0.997
item025_ピカチュウ.png,poke,1.0
item026-1_ライチュウ.png,poke,1.0
item026_ライチュウ.png,poke,0.979933110367893
item027-1_サンド.png,poke,0.997
item027_サンド.png,poke,1.0
item028-1_サンドパン.png,poke,0.996
item028_サンドパン.png,poke,0.9896729776247849
item029_ニドラン♀.png,poke,0.9968304278922345
item030_ニドリーナ.png,poke,1.0
item031_ニドクイン.png,poke,1.0
item032_ニドラン♂.png,poke,0.9546191247974068
item033_ニドリーノ.png,poke,1.0
item034_ニドキング.png,poke,0.9948630136986302
item035_ピッピ.png,poke,1.0
item036_ピクシー.png,poke,1.0
item037-1_ロコン.png,poke,0.999
item037_ロコン.png,poke,1.0
item038-1_キュウコン.png,poke,0.999
item038_キュウコン.png,poke,0.9791332263242376
item039_プリン.png,poke,0.9521276595744681
item040_プクリン.png,poke,0.9706362153344209
item041_ズバット.png,poke,0.991652754590985
item042_ゴルバット.png,poke,1.0
item043_ナゾノクサ.png,poke,0.9203252032520325
item044_クサイハナ.png,poke,0.8770491803278688
item045_ラフレシア.png,poke,0.3896940418679549
item046_パラス.png,poke,0.9984202211690363
item047_パラセクト.png,poke,0.9591503267973857
item048_コンパン.png,poke,0.6752827140549273
item049_モルフォン.png,poke,0.9533333333333334
item050-1_ディグダ.png,poke,0.9855
item050_ディグダ.png,poke,0.9325463743676222
item051-1_ダグトリオ.png,poke,0.9995
item051_ダグトリオ.png,poke,0.9983844911147012
item052-1_ニャース.png,poke,0.993
item052-2_ニャース.png,poke,0.9625
item052-3_ニャース.png,poke,0.5755
item052_ニャース.png,poke,0.9747899159663865
item053-1_ペルシアン.png,poke,0.9975
item053_ペルシアン.png,poke,0.9983361064891847
item054_コダック.png,poke,1.0
item055_ゴルダック.png,poke,0.9887820512820513
item056_マンキー.png,poke,0.9982964224872232
item057_オコリザル.png,poke,1.0
item058_ガーディ.png,poke,0.9065743944636678
item059_ウインディ.png,poke,0.968421052631579
item060_ニョロモ.png,poke,0.3723577235772358
item061_ニョロゾ.png,poke,0.7931623931623931
item062_ニョロボン.png,poke,0.8823529411764706
item063_ケーシィ.png,poke,1.0
item064_ユンゲラー.png,poke,0.9967897271268058
item065-1_メガフーディン.png,poke,0.995
item065_フーディン.png,poke,0.9951612903225806
item066_ワンリキー.png,poke,0.9793459552495697
item067_ゴーリキー.png,poke,0.5097087378640777
item068-1_カイリキー.png,poke,0.858
item068_カイリキー.png,poke,0.8915470494417863
item069_マダツボミ.png,poke,0.9951534733441034
item070_ウツドン.png,poke,0.9983922829581994
item071_ウツボット.png,poke,1.0
item072_メノクラゲ.png,poke,0.9737302977232924
item073_ドククラゲ.png,poke,0.8492462311557789
item074-1_イシツブテ.png,poke,0.9965
item074_イシツブテ.png,poke,0.9919484702093397
item075-1_ゴローン.png,poke,0.9485
item075_ゴローン.png,poke,0.9966887417218543
item076-1_ゴローニャ.png,poke,0.9875
item076_ゴローニャ.png,poke,0.9969558599695586
item077-1_ポニータ.png,poke,0.997
item077_ポニータ.png,poke,0.8296875
item078-1_ギャロップ.png,poke,0.9985
item078_ギャロップ.png,poke,0.9812206572769953
item079_ヤドン.png,poke,0.998371335504886
item080-1_メガヤドラン.png,poke,0.971
item080_ヤドラン.png,poke,0.995049504950495
item081_コイル.png,poke,0.8976744186046511
item082_レアコイル.png,poke,0.49409780775716694
item083-1_カモネギ.png,poke,0.9465
item083_カモネギ.png,poke,0.9982905982905983
item084_ドードー.png,poke,0.9546191247974068
item085_ドードリオ.png,poke,0.8853820598006644
item086_パウワウ.png,poke,0.9967159277504105
item087_ジュゴン.png,poke,0.9983050847457627
item088-1_ベトベター.png,poke,1.0
item088_ベトベター.png,poke,0.9762308998302207
item089-1_ベトベトン.png,poke,0.8835
item089_ベトベトン.png,poke,0.9670510708401977
item090_シェルダー.png,poke,0.9872408293460925
item091_パルシェン.png,poke,1.0
item092_ゴース.png,poke,0.8618421052631579
item093_ゴースト.png,poke,0.7453936348408711
item094-1_メガゲンガー.png,poke,0.3695
item094-2_ゲンガー.png,poke,0.7475
item094_ゲンガー.png,poke,0.6804635761589404
item095_イワーク.png,poke,1.0
item096_スリープ.png,poke,0.9250425894378195
item097_スリーパー.png,poke,0.9984051036682615
item098_クラブ.png,poke,1.0
item099-1_キングラー.png,poke,1.0
item099_キングラー.png,poke,0.9982788296041308
item100_ビリリダマ.png,poke,0.9345794392523364
item101_マルマイン.png,poke,0.6834415584415584
item102_タマタマ.png,poke,1.0
item103-1_ナッシー.png,poke,0.0405
item103_ナッシー.png,poke,0.41707717569786534
item104_カラカラ.png,poke,1.0
item105-1_ガラガラ.png,poke,0.991
item105_ガラガラ.png,poke,1.0
item106_サワムラー.png,poke,0.9851485148514851
item107_エビワラー.png,poke,0.8733766233766234
item108_ベロリンガ.png,poke,0.9483037156704361
item109_ドガース.png,poke,0.9789983844911146
item110-1_マタドガス.png,poke,0.541
item110_マタドガス.png,poke,0.9983525535420099
item111_サイホーン.png,poke,1.0
item112_サイドン.png,poke,0.9966887417218543
item113_ラッキー.png,poke,0.9984472049689441
item114_モンジャラ.png,poke,0.9870759289176091
item115-1_メガガルーラ.png,poke,0.993
item115_ガルーラ.png,poke,1.0
item116_タッツー.png,poke,0.9919093851132686
item117_シードラ.png,poke,0.9894366197183099
item118_トサキント.png,poke,1.0
item119_アズマオウ.png,poke,0.998220640569395
item120_ヒトデマン.png,poke,0.9933665008291874
item121_スターミー.png,poke,0.9950980392156863
item122-1_バリヤード.png,poke,0.9935
item122_バリヤード.png,poke,1.0
item123_ストライク.png,poke,1.0
item124_ルージュラ.png,poke,0.8361486486486487
item125_エレブー.png,poke,0.3054662379421222
item126_ブーバー.png,poke,0.9455445544554455
item127-1_メガカイロス.png,poke,0.9585
item127_カイロス.png,poke,0.9836867862969005
item128_ケンタロス.png,poke,0.7779661016949152
item129_コイキング.png,poke,0.9946714031971581
item130-1_メガギャラドス.png,poke,0.53
item130_ギャラドス.png,poke,0.6214511041009464
item131-1_ラプラス.png,poke,0.0825
item131_ラプラス.png,poke,1.0
item132_メタモン.png,poke,1.0
item133-1_イーブイ.png,poke,0.9925
item133_イーブイ.png,poke,0.7482993197278912
item134_シャワーズ.png,poke,1.0
item135_サンダース.png,poke,0.6782178217821783
item136_ブースター.png,poke,0.9967479674796748
item137_ポリゴン.png,poke,0.9880341880341881
item138_オムナイト.png,poke,0.908289241622575
item139_オムスター.png,poke,1.0
item140_カブト.png,poke,0.9348914858096828
item141_カブトプス.png,poke,1.0
item142-1_メガプテラ.png,poke,0.814
item142_プテラ.png,poke,0.9823151125401929
item143-1_カビゴン.png,poke,0.2355
item143_カビゴン.png,poke,1.0
item144_フリーザー.png,poke,0.7724867724867724
item145_サンダー.png,poke,0.04975922953451043
item146_ファイヤー.png,poke,0.9718076285240465
item147_ミニリュウ.png,poke,0.9822580645161291
item148_ハクリュー.png,poke,0.9451327433628318
item149_カイリュー.png,poke,0.9984251968503937
item150-1_メガミュウツーＸ.png,poke,0.9995
item150-2_メガミュウツーＹ.png,poke,0.981
item150_ミュウツー.png,poke,0.998371335504886
item151_ミュウ.png,poke,0.9983221476510067
item152_チコリータ.png,poke,0.9888712241653418
item153_ベイリーフ.png,poke,0.9478260869565217
item154_メガニウム.png,poke,1.0
item155_ヒノアラシ.png,poke,0.9764150943396226
item156_マグマラシ.png,poke,0.44190140845070425
item157_バクフーン.png,poke,0.7842809364548495
item158_ワニノコ.png,poke,0.8956521739130435
item159_アリゲイツ.png,poke,0.9168141592920354
item160_オーダイル.png,poke,0.40619621342512907
item161_オタチ.png,poke,0.9642857142857143
item162_オオタチ.png,poke,0.9553264604810997
item163_ホーホー.png,poke,0.996551724137931
item164_ヨルノズク.png,poke,0.6928
item165_レディバ.png,poke,0.7811023622047244
item166_レディアン.png,poke,0.9207920792079208
item167_イトマル.png,poke,0.8350515463917526
item168_アリアドス.png,poke,0.9522240527182867
item169_クロバット.png,poke,0.8804713804713805
item170_チョンチー.png,poke,0.5403624382207578
item171_ランターン.png,poke,0.9832775919732442
item172_ピチュー.png,poke,0.9853896103896104
item173_ピィ.png,poke,1.0
item174_ププリン.png,poke,0.5396825396825397
item175_トゲピー.png,poke,1.0
item176_トゲチック.png,poke,0.9931389365351629
item177_ネイティ.png,poke,0.7190226876090751
item178_ネイティオ.png,poke,0.5323624595469255
item179_メリープ.png,poke,0.9777777777777777
item180_モココ.png,poke,0.9982238010657194
item181-1_メガデンリュウ.png,poke,0.9965
item181_デンリュウ.png,poke,0.3674496644295302
item182_キレイハナ.png,poke,0.9948275862068966
item183_マリル.png,poke,0.9965811965811966
item184_マリルリ.png,poke,0.9118136439267887
item185_ウソッキー.png,poke,0.9766666666666667
item186_ニョロトノ.png,poke,0.2789473684210526
item187_ハネッコ.png,poke,0.9702194357366771
item188_ポポッコ.png,poke,0.6051724137931035
item189_ワタッコ.png,poke,0.6925619834710743
item190_エイパム.png,poke,0.9826689774696707
item191_ヒマナッツ.png,poke,1.0
item192_キマワリ.png,poke,1.0
item193_ヤンヤンマ.png,poke,0.9411764705882353
item194_ウパー.png,poke,0.864696734059098
item195_ヌオー.png,poke,1.0
item196_エーフィ.png,poke,0.8716666666666667
item197_ブラッキー.png,poke,0.759515570934256
item198_ヤミカラス.png,poke,0.5414634146341464
item199_ヤドキング.png,poke,1.0
item200_ムウマ.png,poke,0.9868852459016394
item201_アンノーン.png,poke,0.7879310344827586
item202_ソーナンス.png,poke,1.0
item203_キリンリキ.png,poke,0.9946714031971581
item204_クヌギダマ.png,poke,0.9792
item205_フォレトス.png,poke,0.9712918660287081
item206_ノコッチ.png,poke,0.971830985915493
item207_グライガー.png,poke,0.9931740614334471
item208-1_メガハガネール.png,poke,0.0795
item208_ハガネール.png,poke,0.9724473257698542
item209_ブルー.png,poke,1.0
item210_グランブル.png,poke,0.9918300653594772
item211_ハリーセン.png,poke,0.9982394366197183
item212-1_メガハッサム.png,poke,0.868
item212_ハッサム.png,poke,0.9122516556291391
item213_ツボツボ.png,poke,0.9586092715231788
item214-1_メガヘラクロス.png,poke,0.841
item214_ヘラクロス.png,poke,0.3209076175040519
item215_ニューラ.png,poke,0.9689119170984456
item216_ヒメグマ.png,poke,0.9983277591973244
item217_リングマ.png,poke,0.6884422110552764
item218_マグマッグ.png,poke,1.0
item219_マグカルゴ.png,poke,0.9915540540540541
item220_ウリムー.png,poke,0.7108843537414966
item221_イノムー.png,poke,0.9983388704318937
item222-1_サニーゴ.png,poke,0.9955
item222_サニーゴ.png,poke,1.0
item223_テッポウオ.png,poke,0.9983193277310924
item224_オクタン.png,poke,0.9774305555555556
item225_デリバード.png,poke,0.9488054607508533
item226_マンタイン.png,poke,1.0
item227_エアームド.png,poke,0.1500789889415482
item228_デルビル.png,poke,0.9821138211382113
item229-1_メガヘルガー.png,poke,0.548
item229_ヘルガー.png,poke,0.2899505766062603
item230_キングドラ.png,poke,1.0
item231_ゴマゾウ.png,poke,0.99836867862969
item232_ドンファン.png,poke,0.20678513731825526
item233_ポリゴン２.png,poke,0.9982578397212544
item234_オドシシ.png,poke,0.9918032786885246
item235_ドーブル.png,poke,0.9916666666666667
item236_バルキー.png,poke,0.9870759289176091
item237_カポエラー.png,poke,1.0
item238_ムチュール.png,poke,0.7967741935483871
item239_エレキッド.png,poke,0.8810289389067524
item240_ブビィ.png,poke,0.9785123966942149
item241_ミルタンク.png,poke,0.9898648648648649
item242_ハピナス.png,poke,0.9776357827476039
item243_ライコウ.png,poke,0.9550561797752809
item244_エンテイ.png,poke,0.43993506493506496
item245_スイクン.png,poke,0.9966832504145937
item246_ヨーギラス.png,poke,0.9505962521294719
item247_サナギラス.png,poke,0.8843537414965986
item248-1_メガバンギラス.png,poke,0.324
item248_バンギラス.png,poke,0.8917609046849758
item249_ルギア.png,poke,0.7420382165605095
item250_ホウオウ.png,poke,0.1986062717770035
item251_セレビィ.png,poke,0.6916802610114192
item252_キモリ.png,poke,0.9925
item253_ジュプトル.png,poke,0.9085
item254-1_メガジュカイン.png,poke,0.121
item254_ジュカイン.png,poke,0.964
item255_アチャモ.png,poke,0.48
item256_ワカシャモ.png,poke,0.898
item257-1_メガバシャーモ.png,poke,0.7345
item257_バシャーモ.png,poke,0.7585
item258_ミズゴロウ.png,poke,0.996
item259_ヌマクロー.png,poke,0.9975
item260-1_メガラグラージ.png,poke,0.9185
item260_ラグラージ.png,poke,0.9995
item261_ポチエナ.png,poke,0.9785
item262_グラエナ.png,poke,0.0015
item263-1_ジグザグマ.png,poke,0.169
item263_ジグザグマ.png,poke,0.864
item264-1_マッスグマ.png,poke,0.0815
item264_マッスグマ.png,poke,0.5305
item265_ケムッソ.png,poke,1.0
item266_カラサリス.png,poke,1.0
item267_アゲハント.png,poke,0.995
item268_マユルド.png,poke,0.999
item269_ドクケイル.png,poke,0.973
item270_ハスボー.png,poke,0.997
item271_ハスブレロ.png,poke,0.964
item272_ルンパッパ.png,poke,0.9995
item273_タネボー.png,poke,0.417
item274_コノハナ.png,poke,0.999
item275_ダーテング.png,poke,0.887
item276_スバメ.png,poke,0.43
item277_オオスバメ.png,poke,0.1385
item278_キャモメ.png,poke,0.9105
item279_ペリッパー.png,poke,1.0
item280_ラルトス.png,poke,0.9995
item281_キルリア.png,poke,0.881
item282-1_メガサーナイト.png,poke,0.987
item282_サーナイト.png,poke,0.957
item283_アメタマ.png,poke,0.504
item284_アメモース.png,poke,1.0
item285_キノココ.png,poke,0.9995
item286_キノガッサ.png,poke,0.974
item287_ナマケロ.png,poke,0.9535
item288_ヤルキモノ.png,poke,0.9885
item289_ケッキング.png,poke,1.0
item290_ツチニン.png,poke,0.977
item291_テッカニン.png,poke,0.9685
item292_ヌケニン.png,poke,0.9935
item293_ゴニョニョ.png,poke,1.0
item294_ドゴーム.png,poke,0.9985
item295_バクオング.png,poke,0.9865
item296_マクノシタ.png,poke,0.978
item297_ハリテヤマ.png,poke,1.0
item298_ルリリ.png,poke,1.0
item299_ノズパス.png,poke,0.8015
item300_エネコ.png,poke,1.0
item301_エネコロロ.png,poke,0.999
item302-1_メガヤミラミ.png,poke,0.6935
item302_ヤミラミ.png,poke,0.8145
item303-1_メガクチート.png,poke,0.887
item303_クチート.png,poke,0.933
item304_ココドラ.png,poke,0.9325
item305_コドラ.png,poke,0.9995
item306-1_メガボスゴドラ.png,poke,1.0
item306_ボスゴドラ.png,poke,0.827
item307_アサナン.png,poke,1.0
item308-1_メガチャーレム.png,poke,0.9405
item308_チャーレム.png,poke,0.9855
item309_ラクライ.png,poke,0.997
item310-1_メガライボルト.png,poke,0.3335
item310_ライボルト.png,poke,0.92
item311_プラスル.png,poke,1.0
item312_マイナン.png,poke,0.999
item313_バルビート.png,poke,0.8585
item314_イルミーゼ.png,poke,0.914
item315_ロゼリア.png,poke,0.993
item316_ゴクリン.png,poke,0.9975
item317_マルノーム.png,poke,1.0
item318_キバニア.png,poke,0.8945
item319-1_メガサメハダー.png,poke,0.3985
item319_サメハダー.png,poke,0.3585
item320_ホエルコ.png,poke,0.9715
item321_ホエルオー.png,poke,0.8625
item322_ドンメル.png,poke,1.0
item323-1_メガバクーダ.png,poke,0.33
item323_バクーダ.png,poke,0.995
item324_コータス.png,poke,0.998
item325_バネブー.png,poke,0.471
item326_ブーピッグ.png,poke,0.998
item327_パッチール.png,poke,0.823
item328_ナックラー.png,poke,1.0
item329_ビブラーバ.png,poke,0.6795
item330_フライゴン.png,poke,0.9715
item331_サボネア.png,poke,0.9935
item332_ノクタス.png,poke,1.0
item333_チルット.png,poke,0.9705
item334-1_メガチルタリス.png,poke,0.9125
item334_チルタリス.png,poke,0.985
item335_ザングース.png,poke,0.4605
item336_ハブネーク.png,poke,0.9635
item337_ルナトーン.png,poke,0.9965
item338_ソルロック.png,poke,0.9925
item339_ドジョッチ.png,poke,0.9375
item340_ナマズン.png,poke,0.9555
item341_ヘイガニ.png,poke,0.9995
item342_シザリガー.png,poke,0.9915
item343_ヤジロン.png,poke,0.996
item344_ネンドール.png,poke,0.938
item345_リリーラ.png,poke,0.9215
item346_ユレイドル.png,poke,0.99
item347_アノプス.png,poke,0.817
item348_アーマルド.png,poke,0.792
item349_ヒンバス.png,poke,0.914
item350_ミロカロス.png,poke,0.949
item351_ポワルン.png,poke,0.9965
item352_カクレオン.png,poke,0.8875
item353_カゲボウズ.png,poke,0.9515
item354-1_メガジュペッタ.png,poke,0.581
item354_ジュペッタ.png,poke,0.9045
item355_ヨマワル.png,poke,0.8055
item356_サマヨール.png,poke,0.9015
item357_トロピウス.png,poke,0.862
item358_チリーン.png,poke,0.9975
item359-1_メガアブソル.png,poke,0.9655
item359_アブソル.png,poke,0.9755
item360_ソーナノ.png,poke,1.0
item361_ユキワラシ.png,poke,0.9785
item362-1_メガオニゴーリ.png,poke,0.8895
item362_オニゴーリ.png,poke,0.8125
item363_タマザラシ.png,poke,0.869
item364_トドグラー.png,poke,1.0
item365_トドゼルガ.png,poke,0.9805
item366_パールル.png,poke,0.999
item367_ハンテール.png,poke,0.9995
item368_サクラビス.png,poke,0.9975
item369_ジーランス.png,poke,1.0
item370_ラブカス.png,poke,1.0
item371_タツベイ.png,poke,0.9835
item372_コモルー.png,poke,0.9825
item373-1_メガボーマンダ.png,poke,0.87
item373_ボーマンダ.png,poke,0.994
item374_ダンバル.png,poke,0.916
item375_メタング.png,poke,0.8905
item376-1_メガメタグロス.png,poke,0.7345
item376_メタグロス.png,poke,0.105
item377_レジロック.png,poke,1.0
item378_レジアイス.png,poke,0.996
item379_レジスチル.png,poke,0.252
item380-1_メガラティアス.png,poke,0.9585
item380_ラティアス.png,poke,0.3295
item381-1_メガラティオス.png,poke,0.6115
item381_ラティオス.png,poke,0.485
item382-1_ゲンシカイオーガ.png,poke,0.088
item382_カイオーガ.png,poke,0.8225
item383-1_ゲンシグラードン.png,poke,0.0305
item383_グラードン.png,poke,0.3025
item384-1_メガレックウザ.png,poke,0.9435
item384_レックウザ.png,poke,0.331
item385_ジラーチ.png,poke,0.9835
item386-1_デオキシス.png,poke,0.829
item386-2_デオキシス.png,poke,0.9905
item386-3_デオキシス.png,poke,0.1685
item386_デオキシス.png,poke,0.416
item387_ナエトル.png,poke,0.938
item388_ハヤシガメ.png,poke,0.605
item389_ドダイトス.png,poke,0.676
item390_ヒコザル.png,poke,0.858
item391_モウカザル.png,poke,0.9965
item392_ゴウカザル.png,poke,0.906
item393_ポッチャマ.png,poke,0.6945
item394_ポッタイシ.png,poke,0.6335
item395_エンペルト.png,poke,0.1065
item396_ムックル.png,poke,0.985
item397_ムクバード.png,poke,0.981
item398_ムクホーク.png,poke,0.942
item399_ビッパ.png,poke,0.9875
item400_ビーダル.png,poke,0.9905
item401_コロボーシ.png,poke,0.9985
item402_コロトック.png,poke,0.908
item403_コリンク.png,poke,0.9435
item404_ルクシオ.png,poke,0.889
item405_レントラー.png,poke,0.1785
item406_スボミー.png,poke,0.848
item407_ロズレイド.png,poke,0.976
item408_ズガイドス.png,poke,0.947
item409_ラムパルド.png,poke,0.82
item410_タテトプス.png,poke,0.601
item411_トリデプス.png,poke,0.594
item412-1_ミノムッチ.png,poke,0.919
item412-2_ミノムッチ.png,poke,0.681
item412_ミノムッチ.png,poke,0.9215
item413-1_ミノマダム.png,poke,0.994
item413-2_ミノマダム.png,poke,0.858
item413_ミノマダム.png,poke,0.5755
item414_ガーメイル.png,poke,0.996
item415_ミツハニー.png,poke,0.973
item416_ビークイン.png,poke,0.844
item417_パチリス.png,poke,0.9945
item418_ブイゼル.png,poke,0.979
item419_フローゼル.png,poke,0.974
item420_チェリンボ.png,poke,0.986
item421-1_チェリム.png,poke,0.9945
item421_チェリム.png,poke,0.9995
item422-1_カラナクシ.png,poke,1.0
item422_カラナクシ.png,poke,0.9785
item423-1_トリトドン.png,poke,0.9755
item423_トリトドン.png,poke,0.9995
item424_エテボース.png,poke,0.8715
item425_フワンテ.png,poke,0.999
item426_フワライド.png,poke,0.954
item427_ミミロル.png,poke,0.999
item428-1_メガミミロップ.png,poke,0.999
item428_ミミロップ.png,poke,0.999
item429_ムウマージ.png,poke,0.0215
item430_ドンカラス.png,poke,0.1215
item431_ニャルマー.png,poke,0.976
item432_ブニャット.png,poke,0.83
item433_リーシャン.png,poke,0.543
item434_スカンプー.png,poke,0.1385
item435_スカタンク.png,poke,0.261
item436_ドーミラー.png,poke,0.7015
item437_ドータクン.png,poke,0.809
item438_ウソハチ.png,poke,0.159
item439_マネネ.png,poke,0.66
item440_ピンプク.png,poke,0.9485
item441_ペラップ.png,poke,0.333
item442_ミカルゲ.png,poke,0.08
item443_フカマル.png,poke,0.602
item444_ガバイト.png,poke,0.915
item445-1_メガガブリアス.png,poke,0.8575
item445_ガブリアス.png,poke,0.32
item446_ゴンベ.png,poke,0.8885
item447_リオル.png,poke,0.902
item448-1_メガルカリオ.png,poke,0.9865
item448_ルカリオ.png,poke,0.8065
item449_ヒポポタス.png,poke,0.9055
item450_カバルドン.png,poke,0.87
item451_スコルピ.png,poke,0.909
item452_ドラピオン.png,poke,0.215
item453_グレッグル.png,poke,0.6375
item454_ドクロッグ.png,poke,0.447
item455_マスキッパ.png,poke,0.6705
item456_ケイコウオ.png,poke,0.9865
item457_ネオラント.png,poke,1.0
item458_タマンタ.png,poke,0.965
item459_ユキカブリ.png,poke,1.0
item460-1_メガユキノオー.png,poke,1.0
item460_ユキノオー.png,poke,0.9995
item461_マニューラ.png,poke,0.855
item462_ジバコイル.png,poke,0.0545
item463_ベロベルト.png,poke,0.973
item464_ドサイドン.png,poke,0.993
item465_モジャンボ.png,poke,0.9235
item466_エレキブル.png,poke,0.1765
item467_ブーバーン.png,poke,0.969
item468_トゲキッス.png,poke,0.3345
item469_メガヤンマ.png,poke,0.98
item470_リーフィア.png,poke,0.996
item471_グレイシア.png,poke,0.9995
item472_グライオン.png,poke,0.9995
item473_マンムー.png,poke,0.989
item474_ポリゴンＺ.png,poke,0.969
item475-1_メガエルレイド.png,poke,0.9405
item475_エルレイド.png,poke,0.8235
item476_ダイノーズ.png,poke,0.818
item477_ヨノワール.png,poke,0.163
item478_ユキメノコ.png,poke,0.999
item479-1_ロトム.png,poke,0.506
item479-2_ロトム.png,poke,0.874
item479-3_ロトム.png,poke,0.998
item479-4_ロトム.png,poke,0.667
item479-5_ロトム.png,poke,0.736
item479_ロトム.png,poke,0.9925
item480_ユクシー.png,poke,0.997
item481_エムリット.png,poke,0.576
item482_アグノム.png,poke,0.878
item483_ディアルガ.png,poke,0.0175
item484_パルキア.png,poke,0.6385
item485_ヒードラン.png,poke,0.65
item486_レジギガス.png,poke,0.6175
item487-1_ギラティナ.png,poke,0.176
item487_ギラティナ.png,poke,0.309
item488_クレセリア.png,poke,1.0
item489_フィオネ.png,poke,0.6355
item490_マナフィ.png,poke,0.5785
item491_ダークライ.png,poke,0.774
item492-1_シェイミ.png,poke,0.979
item492_シェイミ.png,poke,0.999
item493_アルセウス.png,poke,0.8645
item494_ビクティニ.png,poke,0.7675
item495_ツタージャ.png,poke,0.9745
item496_ジャノビー.png,poke,0.289
item497_ジャローダ.png,poke,0.952
item498_ポカブ.png,poke,0.9775
item499_チャオブー.png,poke,0.997
item500_エンブオー.png,poke,0.642
item501_ミジュマル.png,poke,0.928
item502_フタチマル.png,poke,0.8405
item503_ダイケンキ.png,poke,0.5215
item504_ミネズミ.png,poke,0.9985
item505_ミルホッグ.png,poke,0.202
item506_ヨーテリー.png,poke,0.9995
item507_ハーデリア.png,poke,1.0
item508_ムーランド.png,poke,0.784
item509_チョロネコ.png,poke,0.979
item510_レパルダス.png,poke,0.769
item511_ヤナップ.png,poke,0.9975
item512_ヤナッキー.png,poke,0.991
item513_バオップ.png,poke,1.0
item514_バオッキー.png,poke,0.992
item515_ヒヤップ.png,poke,0.9995
item516_ヒヤッキー.png,poke,0.9855
item517_ムンナ.png,poke,0.76
item518_ムシャーナ.png,poke,1.0
item519_マメパト.png,poke,0.9745
item520_ハトーボー.png,poke,0.6265
item521-1_ケンホロウ.png,poke,0.375
item521_ケンホロウ.png,poke,0.6495
item522_シママ.png,poke,0.3705
item523_ゼブライカ.png,poke,0.3725
item524_ダンゴロ.png,poke,0.995
item525_ガントル.png,poke,0.9995
item526_ギガイアス.png,poke,0.898
item527_コロモリ.png,poke,0.999
item528_ココロモリ.png,poke,0.9645
item529_モグリュー.png,poke,1.0
item530_ドリュウズ.png,poke,0.464
item531-1_メガタブンネ.png,poke,1.0
item531_タブンネ.png,poke,0.996
item532_ドッコラー.png,poke,0.988
item533_ドテッコツ.png,poke,0.995
item534_ローブシン.png,poke,0.959
item535_オタマロ.png,poke,0.9195
item536_ガマガル.png,poke,0.6825
item537_ガマゲロゲ.png,poke,0.423
item538_ナゲキ.png,poke,0.998
item539_ダゲキ.png,poke,0.998
item540_クルミル.png,poke,1.0
item541_クルマユ.png,poke,0.999
item542_ハハコモリ.png,poke,0.632
item543_フシデ.png,poke,0.736
item544_ホイーガ.png,poke,0.907
item545_ペンドラー.png,poke,0.9775
item546_モンメン.png,poke,0.962
item547_エルフーン.png,poke,1.0
item548_チュリネ.png,poke,0.9265
item549_ドレディア.png,poke,0.979
item550-1_バスラオ.png,poke,0.988
item550_バスラオ.png,poke,0.8325
item551_メグロコ.png,poke,0.997
item552_ワルビル.png,poke,0.9315
item553_ワルビアル.png,poke,0.993
item554-1_ダルマッカ.png,poke,0.9965
item554_ダルマッカ.png,poke,0.508
item555-1_ヒヒダルマ.png,poke,0.554
item555-2_ヒヒダルマ.png,poke,0.9635
item555-3_ヒヒダルマ.png,poke,0.545
item555_ヒヒダルマ.png,poke,0.5655
item556_マラカッチ.png,poke,0.984
item557_イシズマイ.png,poke,0.972
item558_イワパレス.png,poke,0.758
item559_ズルッグ.png,poke,0.9995
item560_ズルズキン.png,poke,0.9975
item561_シンボラー.png,poke,0.54
item562-1_デスマス.png,poke,0.9475
item562_デスマス.png,poke,0.9855
item563_デスカーン.png,poke,0.9885
item564_プロトーガ.png,poke,0.9395
item565_アバゴーラ.png,poke,0.972
item566_アーケン.png,poke,0.994
item567_アーケオス.png,poke,0.9285
item568_ヤブクロン.png,poke,0.9985
item569-1_ダストダス.png,poke,0.13
item569_ダストダス.png,poke,0.996
item570_ゾロア.png,poke,0.4635
item571_ゾロアーク.png,poke,0.0255
item572_チラーミィ.png,poke,0.9995
item573_チラチーノ.png,poke,0.996
item574_ゴチム.png,poke,0.9945
item575_ゴチミル.png,poke,0.962
item576_ゴチルゼル.png,poke,0.538
item577_ユニラン.png,poke,0.982
item578_ダブラン.png,poke,0.996
item579_ランクルス.png,poke,0.904
item580_コアルヒー.png,poke,0.9995
item581_スワンナ.png,poke,0.7175
item582_バニプッチ.png,poke,0.893
item583_バニリッチ.png,poke,0.998
item584_バイバニラ.png,poke,0.9995
item585-1_シキジカ.png,poke,0.992
item585-2_シキジカ.png,poke,0.994
item585-3_シキジカ.png,poke,0.999
item585_シキジカ.png,poke,0.988
item586-1_メブキジカ.png,poke,0.4205
item586-2_メブキジカ.png,poke,0.939
item586-3_メブキジカ.png,poke,0.781
item586_メブキジカ.png,poke,0.0675
item587_エモンガ.png,poke,0.775
item588_カブルモ.png,poke,0.9165
item589_シュバルゴ.png,poke,0.871
item590_タマゲタケ.png,poke,0.997
item591_モロバレル.png,poke,0.9825
item592-1_プルリル.png,poke,0.924
item592_プルリル.png,poke,0.564
item593-1_ブルンゲル.png,poke,0.875
item593_ブルンゲル.png,poke,0.3845
item594_ママンボウ.png,poke,0.9955
item595_バチュル.png,poke,0.9995
item596_デンチュラ.png,poke,0.946
item597_テッシード.png,poke,0.926
item598_ナットレイ.png,poke,0.912
item599_ギアル.png,poke,0.357
item600_ギギアル.png,poke,0.9665
item601_ギギギアル.png,poke,0.5165
item602_シビシラス.png,poke,0.938
item603_シビビール.png,poke,0.991
item604_シビルドン.png,poke,0.982
item605_リグレー.png,poke,0.966
item606_オーベム.png,poke,0.939
item607_ヒトモシ.png,poke,0.9975
item608_ランプラー.png,poke,0.867
item609_シャンデラ.png,poke,0.9505
item610_キバゴ.png,poke,0.7835
item611_オノンド.png,poke,0.6225
item612_オノノクス.png,poke,0.7525
item613_クマシュン.png,poke,0.9995
item614_ツンベアー.png,poke,0.9995
item615_フリージオ.png,poke,1.0
item616_チョボマキ.png,poke,1.0
item617_アギルダー.png,poke,0.999
item618-1_マッギョ.png,poke,0.9315
item618_マッギョ.png,poke,0.8345
item619_コジョフー.png,poke,0.986
item620_コジョンド.png,poke,0.9815
item621_クリムガン.png,poke,0.999
item622_ゴビット.png,poke,0.9995
item623_ゴルーグ.png,poke,0.6045
item624_コマタナ.png,poke,0.716
item625_キリキザン.png,poke,0.8765
item626_バッフロン.png,poke,0.438
item627_ワシボン.png,poke,0.7585
item628_ウォーグル.png,poke,0.8155
item629_バルチャイ.png,poke,0.866
item630_バルジーナ.png,poke,0.8905
item631_クイタラン.png,poke,0.985
item632_アイアント.png,poke,0.716
item633_モノズ.png,poke,0.949
item634_ジヘッド.png,poke,0.678
item635_サザンドラ.png,poke,0.1215
item636_メラルバ.png,poke,0.9905
item637_ウルガモス.png,poke,0.999
item638_コバルオン.png,poke,0.978
item639_テラキオン.png,poke,0.9995
item640_ビリジオン.png,poke,0.935
item641-1_トルネロス.png,poke,0.863
item641_トルネロス.png,poke,0.9175
item642-1_ボルトロス.png,poke,0.968
item642_ボルトロス.png,poke,0.934
item643_レシラム.png,poke,0.918
item644_ゼクロム.png,poke,0.0455
item645-1_ランドロス.png,poke,0.9965
item645_ランドロス.png,poke,1.0
item646-1_キュレム.png,poke,0.282
item646-2_キュレム.png,poke,0.402
item646_キュレム.png,poke,0.75
item647-1_ケルディオ.png,poke,0.9805
item647_ケルディオ.png,poke,0.993
item648-1_メロエッタ.png,poke,0.996
item648_メロエッタ.png,poke,0.9905
item649_ゲノセクト.png,poke,0.309
item650_ハリマロン.png,poke,0.958
item651_ハリボーグ.png,poke,0.998
item652_ブリガロン.png,poke,0.969
item653_フォッコ.png,poke,0.999
item654_テールナー.png,poke,0.949
item655_マフォクシー.png,poke,0.9935
item656_ケロマツ.png,poke,0.9655
item657_ゲコガシラ.png,poke,0.8935
item658_ゲッコウガ.png,poke,0.9725
item659_ホルビー.png,poke,0.9995
item660_ホルード.png,poke,1.0
item661_ヤヤコマ.png,poke,0.9925
item662_ヒノヤコマ.png,poke,0.9655
item663_ファイアロー.png,poke,0.3325
item664_コフキムシ.png,poke,0.3845
item665_コフーライ.png,poke,0.9905
item666_ビビヨン.png,poke,0.9685
item667_シシコ.png,poke,0.993
item668-1_カエンジシ.png,poke,0.946
item668_カエンジシ.png,poke,0.988
item669_フラベベ.png,poke,0.987
item670_フラエッテ.png,poke,0.9865
item671_フラージェス.png,poke,0.8935
item672_メェークル.png,poke,0.999
item673_ゴーゴート.png,poke,0.995
item674_ヤンチャム.png,poke,0.9765
item675_ゴロンダ.png,poke,0.19
item676_トリミアン.png,poke,0.9085
item677_ニャスパー.png,poke,0.7405
item678-1_ニャオニクス.png,poke,0.9965
item678_ニャオニクス.png,poke,0.998
item679_ヒトツキ.png,poke,0.774
item680_ニダンギル.png,poke,0.69
item681-1_ギルガルド.png,poke,0.856
item681_ギルガルド.png,poke,0.767
item682_シュシュプ.png,poke,0.92
item683_フレフワン.png,poke,0.9865
item684_ペロッパフ.png,poke,0.837
item685_ペロリーム.png,poke,0.961
item686_マーイーカ.png,poke,0.751
item687_カラマネロ.png,poke,0.995
item688_カメテテ.png,poke,0.991
item689_ガメノデス.png,poke,0.4845
item690_クズモー.png,poke,1.0
item691_ドラミドロ.png,poke,0.9995
item692_ウデッポウ.png,poke,0.99
item693_ブロスター.png,poke,0.725
item694_エリキテル.png,poke,0.9575
item695_エレザード.png,poke,0.9635
item696_チゴラス.png,poke,1.0
item697_ガチゴラス.png,poke,0.999
item698_アマルス.png,poke,0.998
item699_アマルルガ.png,poke,1.0
item700_ニンフィア.png,poke,0.9965
item701_ルチャブル.png,poke,0.727
item702_デデンネ.png,poke,0.9995
item703_メレシー.png,poke,0.9995
item704_ヌメラ.png,poke,0.978
item705_ヌメイル.png,poke,0.997
item706_ヌメルゴン.png,poke,0.9685
item707_クレッフィ.png,poke,0.9365
item708_ボクレー.png,poke,0.987
item709_オーロット.png,poke,0.9915
item710_バケッチャ.png,poke,0.999
item711_パンプジン.png,poke,0.8315
item712_カチコール.png,poke,1.0
item713_クレベース.png,poke,0.996
item714_オンバット.png,poke,0.9855
item715_オンバーン.png,poke,0.657
item716_ゼルネアス.png,poke,0.389
item717_イベルタル.png,poke,0.1955
item718-1_ジガルデ.png,poke,0.9125
item718-2_ジガルデ.png,poke,0.7235
item718_ジガルデ.png,poke,1.0
item719-1_メガディアンシー.png,poke,0.383
item719_ディアンシー.png,poke,0.991
item720-1_フーパ.png,poke,0.317
item720_フーパ.png,poke,0.8295
item721_ボルケニオン.png,poke,0.6595
item722_モクロー.png,poke,0.8345
item723_フクスロー.png,poke,0.998
item724_ジュナイパー.png,poke,0.501
item725_ニャビー.png,poke,0.715
item726_ニャヒート.png,poke,0.4355
item727_ガオガエン.png,poke,0.517
item728_アシマリ.png,poke,0.9455
item729_オシャマリ.png,poke,0.998
item730_アシレーヌ.png,poke,1.0
item731_ツツケラ.png,poke,0.889
item732_ケララッパ.png,poke,0.656
item733_ドデカバシ.png,poke,0.955
item734_ヤングース.png,poke,0.905
item735_デカグース.png,poke,0.765
item736_アゴジムシ.png,poke,0.894
item737_デンヂムシ.png,poke,0.851
item738_クワガノン.png,poke,0.916
item739_マケンカニ.png,poke,0.9595
item740_ケケンカニ.png,poke,0.9835
item741-1_オドリドリ.png,poke,0.7865
item741-2_オドリドリ.png,poke,0.9695
item741-3_オドリドリ.png,poke,0.995
item741_オドリドリ.png,poke,0.6545
item742_アブリー.png,poke,0.9045
item743_アブリボン.png,poke,0.734
item744_イワンコ.png,poke,0.997
item745-1_ルガルガン.png,poke,0.833
item745-2_ルガルガン.png,poke,0.9795
item745_ルガルガン.png,poke,0.5335
item746-1_ヨワシ.png,poke,0.2415
item746_ヨワシ.png,poke,0.852
item747_ヒドイデ.png,poke,0.953
item748_ドヒドイデ.png,poke,0.556
item749_ドロバンコ.png,poke,1.0
item750_バンバドロ.png,poke,0.9575
item751_シズクモ.png,poke,0.784
item752_オニシズクモ.png,poke,0.3975
item753_カリキリ.png,poke,0.9805
item754_ラランテス.png,poke,0.911
item755_ネマシュ.png,poke,1.0
item756_マシェード.png,poke,0.9345
item757_ヤトウモリ.png,poke,0.0555
item758_エンニュート.png,poke,0.0325
item759_ヌイコグマ.png,poke,0.9905
item760_キテルグマ.png,poke,0.703
item761_アマカジ.png,poke,0.7165
item762_アママイコ.png,poke,0.913
item763_アマージョ.png,poke,0.993
item764_キュワワー.png,poke,0.9975
item765_ヤレユータン.png,poke,0.985
item766_ナゲツケサル.png,poke,0.984
item767_コソクムシ.png,poke,0.5985
item768_グソクムシャ.png,poke,0.8515
item769_スナバァ.png,poke,0.9795
item770_シロデスナ.png,poke,0.999
item771_ナマコブシ.png,poke,0.991
item772_タイプ：ヌル.png,poke,0.8985
item773_シルヴァディ.png,poke,0.2035
item774-1_メテノ.png,poke,0.9615
item774_メテノ.png,poke,0.9625
item775_ネッコアラ.png,poke,1.0
item776_バクガメス.png,poke,0.9195
item777_トゲデマル.png,poke,0.6305
item778_ミミッキュ.png,poke,0.98
item779_ハギギシリ.png,poke,0.9605
item780_ジジーロン.png,poke,0.9965
item781_ダダリン.png,poke,0.6415
item782_ジャラコ.png,poke,0.998
item783_ジャランゴ.png,poke,0.56
item784_ジャラランガ.png,poke,0.1945
item785_カプ・コケコ.png,poke,0.746
item786_カプ・テテフ.png,poke,0.8525
item787_カプ・ブルル.png,poke,0.2055
item788_カプ・レヒレ.png,poke,0.389
item789_コスモッグ.png,poke,0.8285
item790_コスモウム.png,poke,0.8955
item791_ソルガレオ.png,poke,0.207
item792_ルナアーラ.png,poke,0.986
item793_ウツロイド.png,poke,0.952
item794_マッシブーン.png,poke,0.091
item795_フェローチェ.png,poke,0.7415
item796_デンジュモク.png,poke,0.0115
item797_テッカグヤ.png,poke,0.0005
item798_カミツルギ.png,poke,0.905
item799_アクジキング.png,poke,0.044
item800-1_ネクロズマ.png,poke,0.014
item800-2_ネクロズマ.png,poke,0.349
item800-3_ネクロズマ.png,poke,0.4795
item800_ネクロズマ.png,poke,0.106
item801_マギアナ.png,poke,0.177
item802_マーシャドー.png,poke,0.96
item803_ベベノム.png,poke,0.587
item804_アーゴヨン.png,poke,0.033
item805_ツンデツンデ.png,poke,0.751
item806_ズガドーン.png,poke,0.8125
item807_ゼラオラ.png,poke,0.205
item808_メルタン.png,poke,0.997
item809_メルメタル.png,poke,0.3845
item810_サルノリ.png,poke,0.9835
item811_バチンキー.png,poke,0.9935
item812_ゴリランダー.png,poke,0.9005
item813_ヒバニー.png,poke,0.999
item814_ラビフット.png,poke,0.9945
item815_エースバーン.png,poke,0.7775
item816_メッソン.png,poke,0.9945
item817_ジメレオン.png,poke,1.0
item818_インテレオン.png,poke,0.577
item819_ホシガリス.png,poke,0.9855
item820_ヨクバリス.png,poke,0.997
item821_ココガラ.png,poke,0.5335
item822_アオガラス.png,poke,0.0475
item823-1_アーマーガア.png,poke,0.349
item823_アーマーガア.png,poke,0.395
item824_サッチムシ.png,poke,0.947
item825_レドームシ.png,poke,0.8
item826-1_イオルブ.png,poke,0.0405
item826_イオルブ.png,poke,0.41
item827_クスネ.png,poke,0.9645
item828_フォクスライ.png,poke,0.982
item829_ヒメンカ.png,poke,0.998
item830_ワタシラガ.png,poke,0.8495
item831_ウールー.png,poke,0.8855
item832_バイウールー.png,poke,0.688
item833_カムカメ.png,poke,0.988
item834-1_カジリガメ.png,poke,0.9065
item834_カジリガメ.png,poke,0.9605
item835_ワンパチ.png,poke,0.854
item836_パルスワン.png,poke,0.888
item837_タンドン.png,poke,0.9435
item838_トロッゴン.png,poke,0.0425
item839-1_セキタンザン.png,poke,0.0395
item839_セキタンザン.png,poke,0.104
item840_カジッチュ.png,poke,0.9915
item841-1_アップリュー.png,poke,0.99
item841_アップリュー.png,poke,1.0
item842-1_タルップル.png,poke,0.991
item842_タルップル.png,poke,0.9985
item843_スナヘビ.png,poke,0.978
item844-1_サダイジャ.png,poke,0.0255
item844_サダイジャ.png,poke,0.678
item845_ウッウ.png,poke,0.8575
item846_サシカマス.png,poke,0.598
item847_カマスジョー.png,poke,0.659
item848_エレズン.png,poke,0.999
item849-1_ストリンダー.png,poke,0.0055
item849_ストリンダー.png,poke,0.0165
item850_ヤクデ.png,poke,0.5085
item851-1_マルヤクデ.png,poke,0.4895
item851_マルヤクデ.png,poke,0.6985
item852_タタッコ.png,poke,0.2935
item853_オトスパス.png,poke,0.754
item854-1_ヤバチャ.png,poke,0.282
item854_ヤバチャ.png,poke,0.306
item855-1_ポットデス.png,poke,0.7265
item855_ポットデス.png,poke,0.7235
item856_ミブリム.png,poke,0.9835
item857_テブリム.png,poke,0.969
item858-1_ブリムオン.png,poke,0.9915
item858_ブリムオン.png,poke,0.393
item859_ベロバー.png,poke,0.9925
item860_ギモー.png,poke,0.8015
item861-1_オーロンゲ.png,poke,0.015
item861_オーロンゲ.png,poke,0.8195
item862_タチフサグマ.png,poke,0.0995
item863_ニャイキング.png,poke,0.9935
item864_サニゴーン.png,poke,0.999
item865_ネギガナイト.png,poke,0.193
item866_バリコオル.png,poke,0.922
item867_デスバーン.png,poke,0.9815
item868_マホミル.png,poke,0.9905
item869-1_マホイップ.png,poke,0.0075
item869_マホイップ.png,poke,1.0
item870_タイレーツ.png,poke,0.963
item871_バチンウニ.png,poke,0.6345
item872_ユキハミ.png,poke,0.9905
item873_モスノウ.png,poke,0.9195
item874_イシヘンジン.png,poke,0.962
item875-1_コオリッポ.png,poke,0.36
item875_コオリッポ.png,poke,0.7755
item876-1_イエッサン.png,poke,0.162
item876_イエッサン.png,poke,0.4535
item877-1_モルペコ.png,poke,0.9945
item877_モルペコ.png,poke,0.9765
item878_ゾウドウ.png,poke,0.9945
item879-1_ダイオウドウ.png,poke,0.281
item879_ダイオウドウ.png,poke,0.9045
item880_パッチラゴン.png,poke,0.9565
item881_パッチルドン.png,poke,0.6605
item882_ウオノラゴン.png,poke,0.8735
item883_ウオチルドン.png,poke,0.9925
item884-1_ジュラルドン.png,poke,0.949
item884_ジュラルドン.png,poke,0.976
item885_ドラメシヤ.png,poke,0.629
item886_ドロンチ.png,poke,0.5155
item887_ドラパルト.png,poke,0.829
item888-1_ザシアン.png,poke,0.3245
item888_ザシアン.png,poke,0.2645
item889-1_ザマゼンタ.png,poke,0.0835
item889_ザマゼンタ.png,poke,0.881
item890_ムゲンダイナ.png,poke,0.0
もんざえモン(X抗体).jpg,digi,0.32825040128410915
もんざえモン.jpg,digi,0.6798418972332015
アイギオテュースモン.jpg,digi,1.0
アイギオテュースモン：グリーン.jpg,digi,1.0
アイギオテュースモン：ダーク.jpg,digi,1.0
アイギオテュースモン：ブルー.jpg,digi,1.0
アイギオテュースモン：ホーリー.jpg,digi,1.0
アイギオモン.jpg,digi,1.0
アイスデビモン.jpg,digi,0.9991909385113269
アイスモン.jpg,digi,0.3782467532467532
アウルモン.jpg,digi,0.987012987012987
アカトリモン.jpg,digi,0.9845276872964169
アクィラモン.jpg,digi,1.0
アグニモン.jpg,digi,1.0
アグモン -勇気の絆-.jpg,digi,1.0
アグモン(2006アニメ版).jpg,digi,1.0
アグモン(X抗体).jpg,digi,0.9991721854304636
アグモン(黒)(X抗体).jpg,digi,1.0
アグモン(黒).jpg,digi,1.0
アグモン.jpg,digi,0.9838709677419355
アグモン博士.jpg,digi,0.9839871897518014
アシュラモン.jpg,digi,1.0
アスタモン.jpg,digi,1.0
アトラーカブテリモン(赤).jpg,digi,1.0
アトラーバリスタモン.jpg,digi,0.9991830065359477
アヌビモン.jpg,digi,1.0
アノマロカリモン(X抗体).jpg,digi,1.0
アノマロカリモン.jpg,digi,0.1697674418604651
アポカリモン.jpg,digi,1.0
アポロモン.jpg,digi,1.0
アルカディモン.jpg,digi,0.8323886639676114
アルケニモン.jpg,digi,1.0
アルゴモン.jpg,digi,1.0
アルダモン.jpg,digi,1.0
アルティメットカオスモン.jpg,digi,1.0
アルティメットブラキモン.jpg,digi,1.0
アルファモン.jpg,digi,1.0
アルファモン：王竜剣.jpg,digi,1.0
アルフォースブイドラモン(X抗体).jpg,digi,1.0
アルフォースブイドラモン.jpg,digi,1.0
アルボルモン.jpg,digi,0.7220338983050848
アルマジモン.jpg,digi,1.0
アルラウモン.jpg,digi,1.0
アレスタードラモン.jpg,digi,1.0
アロモン(X抗体).jpg,digi,0.926731078904992
アロモン.jpg,digi,1.0
アンキロモン.jpg,digi,0.8739837398373984
アンティラモン(デーヴァ).jpg,digi,1.0
アンティラモン.jpg,digi,0.9391100702576113
アンドロモン.jpg,digi,1.0
アヴェンジキッドモン.jpg,digi,1.0
アーケロモン.jpg,digi,0.6246973365617433
アーマゲモン.jpg,digi,0.772911597729116
イェーガードルルモン.jpg,digi,0.9991928974979822
イガモン.jpg,digi,1.0
イグドラシル_7D6.jpg,digi,0.9847512038523274
イグニートモン.jpg,digi,1.0
イッカクモン.jpg,digi,1.0
イビルモン.jpg,digi,0.9968127490039841
インセキモン.jpg,digi,0.5070202808112324
インダラモン.jpg,digi,1.0
インフェルモン.jpg,digi,0.8907232704402516
インプモン(X抗体).jpg,digi,0.9968178202068417
インプモン.jpg,digi,0.9991915925626516
インペリアルドラモン：ドラゴンモード.jpg,digi,1.0
インペリアルドラモン：パラディンモード.jpg,digi,0.9991755976916735
インペリアルドラモン：ファイターモード.jpg,digi,0.9991863303498779
イージスドラモン.jpg,digi,1.0
イーバモン(X抗体).jpg,digi,1.0
イーバモン.jpg,digi,0.95859375
ウィザーモン(X抗体).jpg,digi,1.0
ウィザーモン.jpg,digi,1.0
ウィッチモン.jpg,digi,1.0
ウイングドラモン.jpg,digi,0.9991935483870967
ウェヌスモン.jpg,digi,1.0
ウェンディモン.jpg,digi,0.9768
ウォーグレイモン(X抗体).jpg,digi,0.9991803278688525
ウォーグレイモン.jpg,digi,1.0
ウッドモン.jpg,digi,0.999195494770716
ウパモン.jpg,digi,0.0640713706407137
ウルカヌスモン.jpg,digi,1.0
エアドラモン.jpg,digi,0.7126805778491172
エアロブイドラモン.jpg,digi,0.9815852682145717
エオスモン.jpg,digi,0.9951338199513382
エカキモン.jpg,digi,1.0
エクスティラノモン.jpg,digi,0.9627831715210357
エクスブイモン.jpg,digi,0.9673093042749371
エグザモン(X抗体).jpg,digi,1.0
エグザモン.jpg,digi,0.9991967871485944
エテモン.jpg,digi,0.33092948717948717
エビドラモン.jpg,digi,0.4673913043478261
エビバーガモン.jpg,digi,0.5057565789473685
エリスモン.jpg,digi,1.0
エルドラディモン.jpg,digi,1.0
エレキモン.jpg,digi,0.6508553654743391
エレファモン.jpg,digi,0.9697452229299363
エンシェントイリスモン.jpg,digi,1.0
エンシェントガルルモン.jpg,digi,1.0
エンシェントグレイモン.jpg,digi,0.9992050874403816
エンシェントスフィンクモン.jpg,digi,1.0
エンシェントトロイアモン.jpg,digi,1.0
エンシェントビートモン.jpg,digi,1.0
エンシェントボルケーモン.jpg,digi,0.938449240607514
エンシェントマーメイモン.jpg,digi,1.0
エンシェントメガテリウモン.jpg,digi,0.9991850040749797
エンシェントワイズモン.jpg,digi,1.0
エンジェウーモン(X抗体).jpg,digi,1.0
エンジェウーモン.jpg,digi,1.0
エンジェモン.jpg,digi,1.0
オウリュウモン.jpg,digi,1.0
オオクワモン(X抗体).jpg,digi,0.998389694041868
オオクワモン.jpg,digi,0.9983277591973244
オクタモン.jpg,digi,1.0
オグドモン(X抗体).jpg,digi,0.9905288082083662
オグドモン.jpg,digi,1.0
オタマモン(X抗体).jpg,digi,0.8214565387627252
オタマモン(赤).jpg,digi,0.9936254980079682
オタマモン.jpg,digi,0.9919354838709677
オニスモン.jpg,digi,1.0
オファニモン(X抗体).jpg,digi,1.0
オファニモン.jpg,digi,1.0
オファニモン：フォールダウンモード(X抗体).jpg,digi,1.0
オファニモン：フォールダウンモード.jpg,digi,1.0
オポッサモン.jpg,digi,0.981421647819063
オメカモン.jpg,digi,0.20543565147881696
オメガシャウトモン(X抗体).jpg,digi,1.0
オメガシャウトモン.jpg,digi,1.0
オメガモン Alter-B.jpg,digi,1.0
オメガモン Alter-S.jpg,digi,1.0
オメガモン ズワルト.jpg,digi,1.0
オメガモン(X抗体).jpg,digi,1.0
オメガモン.jpg,digi,0.8630999213217939
オルカモン.jpg,digi,0.9991974317817014
オルディネモン.jpg,digi,1.0
オレーグモン.jpg,digi,1.0
オロチモン.jpg,digi,1.0
オーガモン(X抗体).jpg,digi,1.0
オーガモン.jpg,digi,1.0
カイザーレオモン.jpg,digi,1.0
カイゼルグレイモン.jpg,digi,1.0
カオスデュークモン.jpg,digi,0.9789303079416531
カオスドラモン(X抗体).jpg,digi,1.0
カオスドラモン.jpg,digi,1.0
カオスモン.jpg,digi,1.0
カオスモン：ヴァロドゥルアーム.jpg,digi,1.0
カッキンモン.jpg,digi,1.0
カブキモン.jpg,digi,0.8749003984063745
カブテリモン.jpg,digi,1.0
カプリモン.jpg,digi,0.9944267515923567
カメモン.jpg,digi,0.998351195383347
カメレモン.jpg,digi,0.7050538525269263
カラツキヌメモン.jpg,digi,0.21920991479473276
カラテンモン.jpg,digi,1.0
カルマーラモン.jpg,digi,0.9945054945054945
カンガルモン.jpg,digi,0.734910277324633
ガイオウモン.jpg,digi,1.0
ガオガモン.jpg,digi,0.9949494949494949
ガオスモン.jpg,digi,1.0
ガオモン.jpg,digi,0.997639653815893
ガジモン.jpg,digi,0.9216626698641087
ガニモン.jpg,digi,0.7104838709677419
ガネモン.jpg,digi,0.9960443037974683
ガブモン -友情の絆-.jpg,digi,1.0
ガブモン(X抗体).jpg,digi,0.999195494770716
ガブモン.jpg,digi,1.0
ガムドラモン.jpg,digi,0.9539316918189039
ガルゴモン.jpg,digi,0.9950900163666121
ガルダモン(X抗体).jpg,digi,1.0
ガルダモン.jpg,digi,1.0
ガルフモン.jpg,digi,1.0
ガルムモン.jpg,digi,1.0
ガルルモン.jpg,digi,1.0
ガワッパモン.jpg,digi,0.44606650446066504
ガンクゥモン(X抗体).jpg,digi,1.0
ガンクゥモン.jpg,digi,1.0
ガンドラモン.jpg,digi,1.0
ガーゴモン.jpg,digi,0.9760383386581469
ガードロモン.jpg,digi,0.9992025518341308
ガーベモン.jpg,digi,0.9823859087269816
キウイモン.jpg,digi,1.0
キメラモン.jpg,digi,1.0
キャッチマメモン.jpg,digi,1.0
キャノンドラモン.jpg,digi,0.9975589910496339
キャノンビーモン.jpg,digi,0.7891424075531078
キャプテンフックモン.jpg,digi,1.0
キャロモン.jpg,digi,0.7222222222222222
キャンドモン.jpg,digi,0.8307567127746135
キュウビモン.jpg,digi,1.0
キュピモン.jpg,digi,0.023966942148760332
キュートモン.jpg,digi,0.3815789473684211
キョキョモン.jpg,digi,0.019769357495881382
キンカクモン.jpg,digi,1.0
キングエテモン.jpg,digi,1.0
キングチェスモン.jpg,digi,0.9975806451612903
キーモン.jpg,digi,0.3859223300970874
ギガシードラモン.jpg,digi,0.9975806451612903
ギガスモン.jpg,digi,0.3766851704996035
ギガドラモン.jpg,digi,1.0
ギギモン.jpg,digi,0.3898305084745763
ギザモン.jpg,digi,0.9841269841269841
ギルモン.jpg,digi,0.9975609756097561
ギロモン.jpg,digi,1.0
ギンカクモン.jpg,digi,1.0
ギンカクモンプロモート.jpg,digi,1.0
ギンリュウモン.jpg,digi,0.9983739837398374
クアトルモン.jpg,digi,1.0
クイーンチェスモン.jpg,digi,1.0
クオーツモン.jpg,digi,1.0
クズハモン.jpg,digi,1.0
クダモン.jpg,digi,0.9414556962025317
クネモン.jpg,digi,0.7247058823529412
クラモン.jpg,digi,0.8035714285714286
クラヴィスエンジェモン.jpg,digi,1.0
クリサリモン.jpg,digi,0.4300476947535771
クリスペイルドラモン.jpg,digi,1.0
クレシェモン.jpg,digi,0.966824644549763
クレニアムモン(X抗体).jpg,digi,1.0
クレニアムモン.jpg,digi,1.0
クロスモン.jpg,digi,0.45447154471544715
クロックモン.jpg,digi,1.0
クワガーモン(X抗体).jpg,digi,0.2176706827309237
クワガーモン.jpg,digi,0.7950310559006211
クンビラモン.jpg,digi,0.9917830731306492
クーレスガルルモン.jpg,digi,1.0
グミモン.jpg,digi,0.20114472608340148
グラウモン.jpg,digi,1.0
グラウンドラモン.jpg,digi,1.0
グラップレオモン.jpg,digi,1.0
グラビモン.jpg,digi,0.995114006514658
グランクワガーモン.jpg,digi,1.0
グランディスクワガーモン.jpg,digi,1.0
グランドラクモン.jpg,digi,1.0
グランドロコモン.jpg,digi,1.0
グリズモン.jpg,digi,1.0
グリフォモン.jpg,digi,0.9901719901719902
グルルモン.jpg,digi,0.9983416252072969
グレイスノヴァモン.jpg,digi,1.0
グレイドモン.jpg,digi,0.9992193598750976
グレイモン(2010アニメ版).jpg,digi,1.0
グレイモン(青).jpg,digi,0.9983753046303818
グレイモン.jpg,digi,1.0
グロットモン.jpg,digi,0.9594813614262561
ケラモン(X抗体).jpg,digi,0.9460981496379727
ケラモン.jpg,digi,0.9416531604538088
ケルビモン(善)(X抗体).jpg,digi,0.9991816693944353
ケルビモン(善).jpg,digi,0.8505654281098546
ケルビモン(悪)(X抗体).jpg,digi,0.9643435980551054
ケルビモン(悪).jpg,digi,0.9976076555023924
ケルベロモン(X抗体).jpg,digi,1.0
ケルベロモン.jpg,digi,1.0
ケルベロモン：人狼モード.jpg,digi,1.0
ケンキモン.jpg,digi,0.9960063897763578
ケンタルモン.jpg,digi,1.0
ゲコモン.jpg,digi,0.88379705400982
ゲソモン.jpg,digi,0.5744
ゲレモン.jpg,digi,0.6279257465698144
コアドラモン(緑).jpg,digi,1.0
コアドラモン(青).jpg,digi,0.9809372517871326
コウガモン.jpg,digi,1.0
コエモン.jpg,digi,0.9927243330638642
コカトリモン.jpg,digi,0.9800159872102319
コカブテリモン.jpg,digi,1.0
コクワモン(X抗体).jpg,digi,0.7510105092966856
コクワモン.jpg,digi,1.0
ココモン.jpg,digi,0.005016722408026756
コゼニモン.jpg,digi,0.6888888888888889
コツコモン.jpg,digi,0.9959216965742251
コテモン.jpg,digi,1.0
コマンドラモン.jpg,digi,1.0
コロナモン.jpg,digi,0.49070331447049315
コロモン.jpg,digi,0.8584142394822006
コンゴウモン.jpg,digi,0.9199029126213593
ゴキモン.jpg,digi,0.9672935404742437
ゴクウモン.jpg,digi,1.0
ゴクモン.jpg,digi,1.0
ゴッドドラモン(X抗体).jpg,digi,1.0
ゴッドドラモン.jpg,digi,1.0
ゴツモン.jpg,digi,0.08238172920065252
ゴブリモン.jpg,digi,1.0
ゴマモン(X抗体).jpg,digi,0.06907630522088354
ゴマモン.jpg,digi,1.0
ゴリモン.jpg,digi,1.0
ゴートモン.jpg,digi,0.9912140575079872
ゴールドブイドラモン.jpg,digi,0.9918831168831169
ゴーレモン.jpg,digi,1.0
サイクロモン.jpg,digi,1.0
サイケモン.jpg,digi,0.9983831851253031
サイバードラモン(X抗体).jpg,digi,1.0
サイバードラモン.jpg,digi,1.0
サウンドバードモン.jpg,digi,0.990506329113924
サクットモン.jpg,digi,0.8594122319301033
サクモン.jpg,digi,0.9042638777152051
サクヤモン(X抗体).jpg,digi,1.0
サクヤモン.jpg,digi,1.0
サクヤモン：巫女モード.jpg,digi,1.0
サゴモン.jpg,digi,0.9983525535420099
サジタリモン.jpg,digi,1.0
サブマリモン.jpg,digi,0.963884430176565
サラマンダモン.jpg,digi,0.4955823293172691
サングルゥモン.jpg,digi,1.0
サンゾモン.jpg,digi,1.0
サンダーバーモン.jpg,digi,1.0
サンダーボールモン.jpg,digi,0.9905288082083662
サンティラモン.jpg,digi,0.8723064644852354
サンフラウモン.jpg,digi,0.9080553295362083
サーチモン.jpg,digi,0.9013417521704814
サーベルレオモン.jpg,digi,0.9975825946817083
ザッソーモン.jpg,digi,0.22591093117408906
ザミエールモン.jpg,digi,1.0
ザンバモン.jpg,digi,1.0
シェイドモン.jpg,digi,0.9592
シェイドラモン.jpg,digi,0.9495450785773366
シェルモン.jpg,digi,0.2809083263246426
シェンウーモン.jpg,digi,0.9698451507742462
シスタモン シエル.jpg,digi,1.0
シスタモン ノワール.jpg,digi,1.0
シスタモン ブラン.jpg,digi,1.0
シマユニモン.jpg,digi,1.0
シャイングレイモン.jpg,digi,1.0
シャイングレイモン：バーストモード.jpg,digi,1.0
シャウジンモン.jpg,digi,1.0
シャウトモン(キングVer.).jpg,digi,0.9881703470031545
シャウトモン+ジェットスパロウ.jpg,digi,1.0
シャウトモン+スターソード.jpg,digi,1.0
シャウトモン+ドルルキャノン.jpg,digi,1.0
シャウトモン.jpg,digi,1.0
シャウトモンDX.jpg,digi,1.0
シャウトモンX2.jpg,digi,0.9984089101034208
シャウトモンX3.jpg,digi,1.0
シャウトモンX4.jpg,digi,1.0
シャウトモンX4B.jpg,digi,1.0
シャウトモンX5.jpg,digi,1.0
シャウトモンX5B.jpg,digi,1.0
シャウトモンX7.jpg,digi,1.0
シャオモン.jpg,digi,0.4033195020746888
シャカモン.jpg,digi,1.0
シャコモン(X抗体).jpg,digi,0.3377847604084839
シャコモン.jpg,digi,0.9278096800656276
シャッコウモン.jpg,digi,0.9991735537190083
シャニタモン.jpg,digi,0.9983673469387755
シャーマモン.jpg,digi,0.9976322020520916
シュリモン.jpg,digi,0.9991850040749797
シューツモン.jpg,digi,1.0
シューティングスターモン.jpg,digi,0.9919743178170144
シルフィーモン.jpg,digi,0.8860353130016051
シンドゥーラモン.jpg,digi,1.0
シーサモン(X抗体).jpg,digi,0.9992088607594937
シーサモン.jpg,digi,0.9787581699346405
シードラモン(X抗体).jpg,digi,0.7061649319455564
シードラモン.jpg,digi,0.9832402234636871
シープモン.jpg,digi,0.9607056936647955
シーホモン.jpg,digi,0.9910130718954249
シーラモン.jpg,digi,1.0
シールズドラモン.jpg,digi,1.0
ジェットシルフィーモン.jpg,digi,0.9317817014446228
ジェットメルヴァモン.jpg,digi,1.0
ジエスモン(X抗体).jpg,digi,1.0
ジエスモン.jpg,digi,1.0
ジエスモンGX.jpg,digi,1.0
ジオグレイモン.jpg,digi,1.0
ジジモン.jpg,digi,1.0
ジャガモン.jpg,digi,0.17464114832535885
ジャザモン.jpg,digi,1.0
ジャザリッヒモン.jpg,digi,1.0
ジャザードモン.jpg,digi,0.9919093851132686
ジャスティモン アクセルアーム.jpg,digi,1.0
ジャスティモン クリティカルアーム.jpg,digi,0.9789473684210527
ジャスティモン ブリッツアーム.jpg,digi,0.9968178202068417
ジャスティモン(X抗体).jpg,digi,1.0
ジャリモン.jpg,digi,0.10187449062754686
ジャングルモジャモン.jpg,digi,0.9904306220095693
ジャンボガメモン.jpg,digi,1.0
ジュレイモン.jpg,digi,0.9916805324459235
ジョーカーモン.jpg,digi,0.942537909018356
ジークグレイモン.jpg,digi,1.0
スイジンモン.jpg,digi,1.0
スイムモン.jpg,digi,1.0
スカモン.jpg,digi,1.0
スカルグレイモン.jpg,digi,0.9975510204081632
スカルサタモン.jpg,digi,1.0
スカルナイトモン.jpg,digi,1.0
スカルナイトモン：ビッグアックスモード.jpg,digi,0.9983136593591906
スカルナイトモン：騎馬モード.jpg,digi,1.0
スカルバルキモン.jpg,digi,0.782574568288854
スカルマンモン(X抗体).jpg,digi,1.0
スカルマンモン.jpg,digi,1.0
スコピオモン.jpg,digi,0.7242206235011991
スサノオモン.jpg,digi,1.0
スターモン.jpg,digi,0.9265762170790104
スターモンズ.jpg,digi,0.30726698262243285
スティフィルモン.jpg,digi,1.0
スティングモン.jpg,digi,1.0
ステゴモン.jpg,digi,0.9936758893280633
ストライクドラモン.jpg,digi,1.0
ストラビモン.jpg,digi,1.0
スナイモン.jpg,digi,0.1516103692065986
スノーゴブリモン.jpg,digi,0.9354581673306773
スパロウモン.jpg,digi,0.9983766233766234
スピノモン.jpg,digi,1.0
スラッシュエンジェモン.jpg,digi,1.0
スレイプモン(X抗体).jpg,digi,1.0
スレイプモン.jpg,digi,1.0
スレイヤードラモン.jpg,digi,0.9992138364779874
スワンモン.jpg,digi,0.2403846153846154
スーツェーモン.jpg,digi,1.0
スーパースターモン.jpg,digi,0.9935483870967742
ズィードガルルモン.jpg,digi,1.0
ズィードミレニアモン.jpg,digi,0.9871071716357775
ズドモン.jpg,digi,1.0
ズバイガーモン.jpg,digi,1.0
ズバモン.jpg,digi,1.0
ズルモン.jpg,digi,0.6729559748427673
セイバーハックモン.jpg,digi,1.0
セイレーンモン.jpg,digi,0.709470304975923
セトモン.jpg,digi,0.9657097288676236
セピックモン.jpg,digi,1.0
セフィロトモン.jpg,digi,0.833998403830806
セラフィモン.jpg,digi,1.0
セントガルゴモン.jpg,digi,0.9992038216560509
セーバードラモン.jpg,digi,0.999195494770716
ゼニモン.jpg,digi,0.9976209357652657
ゼリモン.jpg,digi,0.07319013524264122
ソウルモン.jpg,digi,0.9021558872305141
ソーサリモン.jpg,digi,1.0
ソーラーモン.jpg,digi,0.8413848631239935
タイガーヴェスパモン.jpg,digi,1.0
タイタモン.jpg,digi,1.0
タイラントカブテリモン.jpg,digi,1.0
タオモン.jpg,digi,1.0
タクティモン.jpg,digi,1.0
タスクモン.jpg,digi,0.9742765273311897
タネモン.jpg,digi,0.9675324675324676
タンクドラモン.jpg,digi,1.0
タンクモン.jpg,digi,1.0
ターゲットモン.jpg,digi,1.0
ダイペンモン.jpg,digi,0.4001597444089457
ダゴモン.jpg,digi,0.9637972646822205
ダスクモン.jpg,digi,1.0
ダメモン.jpg,digi,1.0
ダルクモン.jpg,digi,1.0
ダークスーパースターモン.jpg,digi,1.0
ダークティラノモン(X抗体).jpg,digi,1.0
ダークティラノモン.jpg,digi,1.0
ダークドラモン.jpg,digi,1.0
ダークナイトモン(X抗体).jpg,digi,1.0
ダークナイトモン.jpg,digi,1.0
ダークネスバグラモン.jpg,digi,1.0
ダークリザモン.jpg,digi,0.9662379421221865
チィリンモン.jpg,digi,1.0
チクリモン.jpg,digi,0.994331983805668
チコモン.jpg,digi,0.05993431855500821
チビックモン.jpg,digi,0.24703087885985747
チビモン.jpg,digi,0.00477326968973747
チャックモン.jpg,digi,1.0
チャップモン.jpg,digi,0.4177524429967427
チャツラモン.jpg,digi,0.9693053311793215
チューチューモン.jpg,digi,0.9991659716430359
チューモン.jpg,digi,0.2813008130081301
チョコモン.jpg,digi,0.04559748427672956
チョロモン.jpg,digi,0.5538585209003215
チョ・ハッカイモン.jpg,digi,0.9876543209876543
チンロンモン.jpg,digi,1.0
ツカイモン.jpg,digi,0.014574898785425101
ツチダルモン.jpg,digi,0.8532910388580491
ツノモン.jpg,digi,0.3292181069958848
ツブモン.jpg,digi,0.4020700636942675
ツメモン.jpg,digi,0.985634477254589
ツワーモン.jpg,digi,1.0
ティアルドモン.jpg,digi,1.0
ティラノモン(X抗体).jpg,digi,1.0
ティラノモン.jpg,digi,1.0
ティロモン(X抗体).jpg,digi,1.0
ティロモン.jpg,digi,0.8830645161290323
ティンカーモン.jpg,digi,1.0
テイルモン(X抗体).jpg,digi,0.7874080130825838
テイルモン.jpg,digi,0.967479674796748
テリアモン(X抗体).jpg,digi,0.9703525641025641
テリアモン.jpg,digi,0.0015910898965791568
テリアモン助手.jpg,digi,0.2606255012028869
テントモン.jpg,digi,0.911986588432523
ディアトリモン.jpg,digi,1.0
ディアナモン.jpg,digi,0.9731225296442688
ディアボロモン(X抗体).jpg,digi,1.0
ディアボロモン.jpg,digi,0.9992163009404389
ディグモン.jpg,digi,0.9991902834008097
ディノタイガモン.jpg,digi,1.0
ディノヒューモン.jpg,digi,1.0
ディノビーモン.jpg,digi,0.9911433172302737
ディノレクスモン.jpg,digi,1.0
デクスドルガモン.jpg,digi,1.0
デクスドルグレモン.jpg,digi,1.0
デクスドルゴラモン.jpg,digi,1.0
デクスモン.jpg,digi,0.9992082343626286
デジタマモン.jpg,digi,0.5364077669902912
デスメラモン.jpg,digi,1.0
デスモン(黒).jpg,digi,0.8207008964955175
デスモン.jpg,digi,0.727491961414791
デッカーグレイモン.jpg,digi,1.0
デッカードラモン.jpg,digi,1.0
デッドリーアックスモン.jpg,digi,0.9661417322834646
デビタマモン.jpg,digi,0.79232693911593
デビドラモン.jpg,digi,1.0
デビモン.jpg,digi,1.0
デプスモン.jpg,digi,0.8456642800318218
デュナスモン(X抗体).jpg,digi,1.0
デュナスモン.jpg,digi,0.9966471081307627
デュラモン.jpg,digi,1.0
デュランダモン.jpg,digi,0.992741935483871
デュークモン(X抗体).jpg,digi,1.0
デュークモン.jpg,digi,1.0
デュークモン：クリムゾンモード.jpg,digi,1.0
デラモン.jpg,digi,0.7348726114649682
デルタモン.jpg,digi,1.0
デーモン(X抗体).jpg,digi,1.0
デーモン.jpg,digi,1.0
トイアグモン(黒).jpg,digi,0.7977617905675459
トイアグモン.jpg,digi,0.852755905511811
トゥルイエモン.jpg,digi,0.9942100909842845
トゲモグモン.jpg,digi,0.19347133757961785
トゲモン(X抗体).jpg,digi,0.875
トゲモン.jpg,digi,0.44636963696369636
トコモン(X抗体).jpg,digi,0.608730800323363
トコモン.jpg,digi,0.19904458598726116
トノサマゲコモン.jpg,digi,0.9643987341772152
トノサママメモン.jpg,digi,0.9823151125401929
トブキャットモン.jpg,digi,0.9848484848484849
トリケラモン(X抗体).jpg,digi,1.0
トリケラモン.jpg,digi,1.0
トループモン.jpg,digi,1.0
トーカンモン.jpg,digi,0.6227018385291767
トータモン.jpg,digi,0.7023330651649236
ドゥフトモン(X抗体).jpg,digi,1.0
ドゥフトモン.jpg,digi,1.0
ドゥフトモン：レオパルドモード.jpg,digi,1.0
ドウモン.jpg,digi,1.0
ドクグモン.jpg,digi,1.0
ドッグモン.jpg,digi,0.5962783171521036
ドドモン.jpg,digi,0.027156549520766772
ドラクモン.jpg,digi,0.994577846630519
ドラコモン(X抗体).jpg,digi,0.9943089430894309
ドラコモン.jpg,digi,1.0
ドリモゲモン.jpg,digi,1.0
ドリモン.jpg,digi,0.23496835443037975
ドルガモン.jpg,digi,0.9991961414790996
ドルグレモン.jpg,digi,0.8685064935064936
ドルゴラモン.jpg,digi,1.0
ドルビックモン.jpg,digi,1.0
ドルモン.jpg,digi,0.9984152139461173
ドルルモン.jpg,digi,0.993517017828201
ドンシャウトモン.jpg,digi,1.0
ドンドコモン.jpg,digi,1.0
ドーベルモン.jpg,digi,0.9060240963855422
ナイトチェスモン(白).jpg,digi,1.0
ナイトモン.jpg,digi,1.0
ナニモン.jpg,digi,1.0
ナノモン.jpg,digi,1.0
ニセアグモン博士.jpg,digi,0.942261427425822
ニセドリモゲモン.jpg,digi,0.999203187250996
ニャロモン.jpg,digi,0.17370517928286852
ニョキモン.jpg,digi,0.18421052631578946
ヌメモン(X抗体).jpg,digi,0.9159327461969575
ヌメモン.jpg,digi,0.832
ネオ.jpg,digi,1.0
ネオデビモン.jpg,digi,1.0
ネオヴァンデモン.jpg,digi,1.0
ネフェルティモン(X抗体).jpg,digi,1.0
ネフェルティモン.jpg,digi,0.8231511254019293
ネプトゥーンモン.jpg,digi,1.0
ネーモン.jpg,digi,0.6168
ノヘモン.jpg,digi,1.0
ノーブルパンプモン.jpg,digi,1.0
ハイアンドロモン.jpg,digi,1.0
ハイビジョンモニタモン.jpg,digi,0.9952038369304557
ハグルモン.jpg,digi,0.9773614363778298
ハックモン.jpg,digi,1.0
ハニービーモン.jpg,digi,0.733596837944664
ハヌモン.jpg,digi,1.0
ハンギョモン.jpg,digi,0.9991941982272361
ハーピモン.jpg,digi,1.0
バアルモン.jpg,digi,1.0
バイフーモン.jpg,digi,1.0
バオハックモン.jpg,digi,1.0
バクモン.jpg,digi,0.9959349593495935
バグラモン.jpg,digi,1.0
バケモン.jpg,digi,0.6680194805194806
バコモン.jpg,digi,0.6619496855345912
バステモン.jpg,digi,1.0
バタフラモン.jpg,digi,0.9294975688816856
バドモン.jpg,digi,0.8690671031096563
ババモン.jpg,digi,0.9984051036682615
バブモン.jpg,digi,0.08103855232100708
バリスタモン.jpg,digi,0.9984375
バルバモン(X抗体).jpg,digi,1.0
バルバモン.jpg,digi,1.0
バルブモン.jpg,digi,1.0
バロモン.jpg,digi,1.0
バンチョースティングモン.jpg,digi,1.0
バンチョーマメモン.jpg,digi,1.0
バンチョーレオモン.jpg,digi,1.0
バードラモン.jpg,digi,0.9429260450160771
パイルドラモン.jpg,digi,1.0
パオモン.jpg,digi,0.3236514522821577
パグモン.jpg,digi,0.3473507148864592
パジラモン.jpg,digi,0.9943089430894309
パタモン.jpg,digi,0.09771473601260836
パフモン.jpg,digi,0.3327935222672065
パラサイモン.jpg,digi,0.9815261044176706
パルモン(X抗体).jpg,digi,0.7807017543859649
パルモン.jpg,digi,0.9616306954436451
パロットモン.jpg,digi,0.9183673469387755
パンジャモン.jpg,digi,1.0
パンダモン.jpg,digi,0.9968178202068417
パンプモン.jpg,digi,0.9690553745928339
ヒシャリュウモン.jpg,digi,1.0
ヒポグリフォモン.jpg,digi,0.5857026807473599
ヒョーガモン.jpg,digi,1.0
ビクトリーグレイモン.jpg,digi,1.0
ビショップチェスモン.jpg,digi,1.0
ビッグマメモン.jpg,digi,0.9903147699757869
ビットモン.jpg,digi,0.7042925278219396
ピエモン.jpg,digi,0.9703287890938251
ピコデビモン.jpg,digi,0.9984251968503937
ピチモン.jpg,digi,0.5757085020242915
ピックモン.jpg,digi,0.011326860841423949
ピッコロモン.jpg,digi,0.9950779327317474
ピナモン.jpg,digi,0.9991850040749797
ピノッキモン.jpg,digi,0.9976133651551312
ピピスモン.jpg,digi,0.22159548751007252
ピピモン.jpg,digi,0.6862123613312203
ピョコモン.jpg,digi,0.8721498371335505
ピヨモン.jpg,digi,0.9975922953451043
ピロモン.jpg,digi,0.8398718975180144
ピーコックモン.jpg,digi,1.0
ピーターモン.jpg,digi,1.0
ファイラモン.jpg,digi,1.0
ファスコモン.jpg,digi,0.9926410466067048
ファラオモン.jpg,digi,1.0
ファルコモン(2006アニメ版).jpg,digi,0.9991980753809142
ファルコモン.jpg,digi,1.0
ファングモン.jpg,digi,1.0
ファントモン.jpg,digi,1.0
ファンビーモン.jpg,digi,0.6449799196787148
ファンロンモン.jpg,digi,0.99836867862969
フィルモン.jpg,digi,1.0
フウジンモン.jpg,digi,0.9991993594875901
フェアリモン.jpg,digi,0.7912
フェレスモン.jpg,digi,0.9800955414012739
フックモン.jpg,digi,0.9967741935483871
フットモン.jpg,digi,1.0
フフモン.jpg,digi,0.160828025477707
フライビーモン.jpg,digi,1.0
フライモン.jpg,digi,1.0
フリモン.jpg,digi,0.3680327868852459
フレアモン.jpg,digi,0.8407079646017699
フレアリザモン.jpg,digi,1.0
フレイウィザーモン.jpg,digi,0.9983844911147012
フレイドラモン.jpg,digi,1.0
フレイモン.jpg,digi,1.0
フロッグモン.jpg,digi,0.9820992676973149
フローラモン.jpg,digi,0.927652733118971
フーガモン.jpg,digi,0.9950617283950617
ブイドラモン.jpg,digi,0.9356677524429967
ブイモン.jpg,digi,0.744955609362389
ブギーモン.jpg,digi,0.9781199351701783
ブシアグモン.jpg,digi,1.0
ブラストモン.jpg,digi,1.0
ブラックウォーグレイモン(X抗体).jpg,digi,1.0
ブラックウォーグレイモン.jpg,digi,1.0
ブラックガオガモン.jpg,digi,1.0
ブラックグラウモン.jpg,digi,1.0
ブラックセントガルゴモン.jpg,digi,0.9991941982272361
ブラックテイルモン.jpg,digi,0.8753968253968254
ブラックマッハガオガモン.jpg,digi,1.0
ブラックメガログラウモン.jpg,digi,1.0
ブリウエルドラモン.jpg,digi,1.0
ブリザーモン.jpg,digi,1.0
ブリッツグレイモン.jpg,digi,1.0
ブリッツモン.jpg,digi,0.9983870967741936
ブリンプモン.jpg,digi,0.3784893267651888
ブルコモン.jpg,digi,1.0
ブルモン.jpg,digi,0.980127186009539
ブルーメラモン.jpg,digi,1.0
ブレイクドラモン.jpg,digi,0.999203187250996
ブレイドクワガーモン.jpg,digi,0.9991896272285251
ブロッサモン.jpg,digi,0.9226430298146656
プカモン.jpg,digi,0.7534357316087308
プクモン.jpg,digi,0.9623397435897436
プスモン.jpg,digi,0.657672849915683
プスリモン.jpg,digi,0.8901098901098901
プチメラモン.jpg,digi,0.1996792301523657
プチモン.jpg,digi,0.9789644012944984
プッチーモン.jpg,digi,0.751188589540412
プットモン.jpg,digi,0.20697858842188738
プテラノモン(X抗体).jpg,digi,1.0
プテラノモン.jpg,digi,1.0
プニモン.jpg,digi,0.9382504288164666
ププモン.jpg,digi,0.04
プラチナスカモン.jpg,digi,0.9475357710651828
プラチナヌメモン.jpg,digi,0.999176276771005
プリンスマメモン(X抗体).jpg,digi,0.9983606557377049
プリンスマメモン.jpg,digi,1.0
プルルモン.jpg,digi,0.1669463087248322
プレイリモン.jpg,digi,1.0
プレシオモン(X抗体).jpg,digi,0.23300970873786409
プレシオモン.jpg,digi,0.9886086248982913
プロットモン(X抗体).jpg,digi,0.09119746233148295
プロットモン.jpg,digi,0.27208201892744477
プロロモン.jpg,digi,0.6540322580645161
プワモン.jpg,digi,0.9602543720190779
ヘクセブラウモン.jpg,digi,1.0
ヘラクルカブテリモン.jpg,digi,0.9074960127591707
ベアモン.jpg,digi,1.0
ベオウルフモン.jpg,digi,1.0
ベジーモン.jpg,digi,0.30666666666666664
ベタモン.jpg,digi,1.0
ベツモン.jpg,digi,0.9689490445859873
ベビドモン.jpg,digi,0.96852871754524
ベリアルヴァンデモン.jpg,digi,1.0
ベルグモン.jpg,digi,0.9983792544570502
ベルスターモン(X抗体).jpg,digi,1.0
ベルスターモン.jpg,digi,1.0
ベルゼブモン(X抗体).jpg,digi,1.0
ベルゼブモン.jpg,digi,1.0
ベルゼブモン：ブラストモード.jpg,digi,1.0
ベルフェモン(X抗体).jpg,digi,1.0
ベルフェモン：スリープモード.jpg,digi,1.0
ベルフェモン：レイジモード.jpg,digi,1.0
ベーダモン(X抗体).jpg,digi,0.9991941982272361
ベーダモン.jpg,digi,0.9896496815286624
ペイルドラモン.jpg,digi,1.0
ペガスモン(X抗体).jpg,digi,0.9992193598750976
ペガスモン.jpg,digi,1.0
ペタルドラモン.jpg,digi,0.9925742574257426
ペックモン.jpg,digi,1.0
ペンモン.jpg,digi,0.9548117154811715
ホウオウモン(X抗体).jpg,digi,0.9625407166123778
ホウオウモン.jpg,digi,1.0
ホエーモン.jpg,digi,1.0
ホルスモン.jpg,digi,0.925
ホークモン.jpg,digi,0.8297533810660302
ホーリーエンジェモン.jpg,digi,1.0
ホーリードラモン(X抗体).jpg,digi,0.9483333333333334
ホーリードラモン.jpg,digi,1.0
ボアモン.jpg,digi,0.9967741935483871
ボコモン.jpg,digi,0.5636363636363636
ボタモン.jpg,digi,0.9457050243111832
ボムモン.jpg,digi,0.9858044164037855
ボルグモン.jpg,digi,1.0
ボルケーモン.jpg,digi,1.0
ボルトバウタモン.jpg,digi,1.0
ボルトモン.jpg,digi,1.0
ポキュパモン.jpg,digi,1.0
ポコモン.jpg,digi,0.4494745351657235
ポポモン.jpg,digi,0.3896940418679549
ポヨモン.jpg,digi,0.5235772357723577
ポロモン.jpg,digi,0.38813151563753007
ポンチョモン.jpg,digi,0.8541341653666147
ポーンチェスモン(白).jpg,digi,0.9896988906497622
マクラモン.jpg,digi,0.9864325618515563
マグナガルルモン.jpg,digi,0.999195494770716
マグナキッドモン.jpg,digi,1.0
マグナモン(X抗体).jpg,digi,0.990924092409241
マグナモン.jpg,digi,0.9991659716430359
マジラモン.jpg,digi,1.0
マスターティラノモン.jpg,digi,0.9984038308060654
マスティモン.jpg,digi,1.0
マタドゥルモン.jpg,digi,0.9959935897435898
マッシュモン.jpg,digi,0.33442354865085855
マッドレオモン.jpg,digi,1.0
マッドレオモン：アームドモード.jpg,digi,1.0
マッハガオガモン.jpg,digi,1.0
マミーモン.jpg,digi,1.0
マメティラモン.jpg,digi,1.0
マメモン(X抗体).jpg,digi,1.0
マメモン.jpg,digi,1.0
マリンエンジェモン.jpg,digi,0.010560519902518278
マリンデビモン.jpg,digi,0.9936558287073751
マルスモン.jpg,digi,1.0
マンタレイモン(X抗体).jpg,digi,0.07559572719802794
マンタレイモン.jpg,digi,0.282591725214676
マンボモン.jpg,digi,0.3830806065442937
マンモン(X抗体).jpg,digi,1.0
マンモン.jpg,digi,1.0
マーメイモン.jpg,digi,1.0
ミケモン.jpg,digi,0.9938884644766998
ミサイモン.jpg,digi,0.9757085020242915
ミスティモン.jpg,digi,1.0
ミネルヴァモン(X抗体).jpg,digi,0.9983484723369116
ミネルヴァモン.jpg,digi,1.0
ミノタルモン.jpg,digi,1.0
ミノモン.jpg,digi,0.617693522906793
ミヒラモン.jpg,digi,1.0
ミラージュガオガモン.jpg,digi,1.0
ミラージュガオガモン：バーストモード.jpg,digi,1.0
ミレニアモン.jpg,digi,1.0
ムゲンドラモン.jpg,digi,1.0
ムシャモン.jpg,digi,1.0
ムソーナイトモン.jpg,digi,1.0
ムルムクスモン.jpg,digi,1.0
ムースモン.jpg,digi,1.0
ムーチョモン.jpg,digi,0.9838709677419355
ムーンミレニアモン.jpg,digi,0.16026165167620604
メイクラックモン.jpg,digi,0.9576338928856915
メイクラックモン：ヴィシャスモード.jpg,digi,1.0
メイクーモン.jpg,digi,1.0
メイルドラモン.jpg,digi,1.0
メイルバードラモン.jpg,digi,1.0
メカノリモン.jpg,digi,1.0
メガシードラモン(X抗体).jpg,digi,0.9976133651551312
メガシードラモン.jpg,digi,1.0
メガドラモン.jpg,digi,1.0
メガログラウモン(X抗体).jpg,digi,1.0
メガログラウモン(橙).jpg,digi,1.0
メガログラウモン.jpg,digi,1.0
メギドラモン(X抗体).jpg,digi,1.0
メギドラモン.jpg,digi,0.9984012789768185
メタリックドラモン.jpg,digi,1.0
メタリフェクワガーモン.jpg,digi,1.0
メタルエテモン.jpg,digi,0.991876523151909
メタルガルルモン(X抗体).jpg,digi,1.0
メタルガルルモン(黒).jpg,digi,1.0
メタルガルルモン.jpg,digi,1.0
メタルグレイモン(ウィルス種)(X抗体).jpg,digi,1.0
メタルグレイモン(ウィルス種).jpg,digi,1.0
メタルグレイモン(ワクチン種).jpg,digi,1.0
メタルグレイモン+サイバーランチャー.jpg,digi,1.0
メタルグレイモン.jpg,digi,1.0
メタルシードラモン.jpg,digi,1.0
メタルティラノモン(X抗体).jpg,digi,1.0
メタルティラノモン.jpg,digi,1.0
メタルピラニモン.jpg,digi,0.9587044534412955
メタルファントモン.jpg,digi,0.9920255183413078
メタルマメモン.jpg,digi,1.0
メディーバルデュークモン.jpg,digi,0.9991823385118561
メフィスモン(X抗体).jpg,digi,1.0
メフィスモン.jpg,digi,0.9968203497615262
メラモン(X抗体).jpg,digi,0.995928338762215
メラモン.jpg,digi,1.0
メルキューレモン.jpg,digi,1.0
メルクリモン.jpg,digi,1.0
メルヴァモン.jpg,digi,1.0
モクモン.jpg,digi,0.7479806138933764
モジャモン.jpg,digi,0.9039869812855981
モスモン.jpg,digi,0.452572347266881
モチモン.jpg,digi,0.2609375
モニタモン.jpg,digi,0.9992006394884093
モニモン.jpg,digi,0.8735632183908046
モノクロモン.jpg,digi,0.9991701244813278
モノドラモン.jpg,digi,1.0
モルフォモン.jpg,digi,0.7649958915365653
ヤキイモン.jpg,digi,1.0
ヤシャモン.jpg,digi,1.0
ヤタガラモン(2006年アニメ版).jpg,digi,1.0
ヤタガラモン.jpg,digi,1.0
ヤーモン.jpg,digi,0.8162939297124601
ユキアグモン.jpg,digi,0.934412955465587
ユキダルモン.jpg,digi,0.9537848605577689
ユキミボタモン.jpg,digi,0.6204673650282031
ユニモン.jpg,digi,1.0
ユピテルモン.jpg,digi,1.0
ユラモン.jpg,digi,0.3176
ヨウコモン.jpg,digi,1.0
ライアモン.jpg,digi,1.0
ライジルドモン.jpg,digi,1.0
ライズグレイモン(X抗体).jpg,digi,1.0
ライズグレイモン.jpg,digi,1.0
ライドラモン.jpg,digi,0.9975786924939467
ライノカブテリモン.jpg,digi,0.7519561815336463
ライノモン(X抗体).jpg,digi,0.9480940794809408
ライノモン.jpg,digi,0.8200636942675159
ライヒモン.jpg,digi,1.0
ライラモン.jpg,digi,0.9967637540453075
ラグエルモン.jpg,digi,1.0
ラグナロードモン.jpg,digi,1.0
ラジエルモン.jpg,digi,1.0
ラストティラノモン.jpg,digi,1.0
ラセンモン .jpg,digi,1.0
ラセンモン：激昂モード.jpg,digi,0.9992012779552716
ラピッドモン(X抗体).jpg,digi,1.0
ラピッドモン.jpg,digi,0.9967506092607636
ラフレシモン.jpg,digi,1.0
ラブラモン.jpg,digi,0.16859504132231404
ラプタースパロウモン.jpg,digi,0.998390989541432
ラプタードラモン.jpg,digi,0.9992082343626286
ララモン.jpg,digi,0.8425324675324676
ランクスモン.jpg,digi,1.0
ランプモン.jpg,digi,0.9174089068825911
ラヴォガリータモン.jpg,digi,1.0
ラヴォーボモン.jpg,digi,1.0
ラーナモン.jpg,digi,0.8960194963444355
リボルモン.jpg,digi,1.0
リュウダモン.jpg,digi,1.0
リリスモン(X抗体).jpg,digi,1.0
リリスモン.jpg,digi,1.0
リリモン(X抗体).jpg,digi,0.6626506024096386
リリモン.jpg,digi,0.9926829268292683
リンクモン.jpg,digi,0.995
リヴァイアモン(X抗体).jpg,digi,1.0
リヴァイアモン.jpg,digi,1.0
リーフモン.jpg,digi,0.38187976291278575
ルカモン.jpg,digi,0.9787928221859706
ルドモン.jpg,digi,1.0
ルナモン.jpg,digi,0.17179902755267423
ルミナモン.jpg,digi,0.07830342577487764
ルークチェスモン.jpg,digi,0.9975020815986678
ルーチェモン(X抗体).jpg,digi,1.0
ルーチェモン.jpg,digi,1.0
ルーチェモン：サタンモード.jpg,digi,1.0
ルーチェモン：フォールダウンモード.jpg,digi,1.0
ルーチェモン：ラルバ.jpg,digi,1.0
レアモン.jpg,digi,1.0
レイヴモン.jpg,digi,1.0
レイヴモン：バーストモード.jpg,digi,1.0
レオモン(X抗体).jpg,digi,1.0
レオモン.jpg,digi,1.0
レオルモン.jpg,digi,0.8657445077298617
レキスモン.jpg,digi,1.0
レッドベジーモン.jpg,digi,0.8013245033112583
レッパモン.jpg,digi,1.0
レディーデビモン(X抗体).jpg,digi,1.0
レディーデビモン.jpg,digi,1.0
レナモン(X抗体).jpg,digi,0.9929632525410477
レナモン.jpg,digi,1.0
レレモン.jpg,digi,0.05161290322580645
レーベモン.jpg,digi,1.0
ロコモン.jpg,digi,1.0
ロゼモン(X抗体).jpg,digi,0.9992076069730587
ロゼモン.jpg,digi,1.0
ロゼモン：バーストモード.jpg,digi,0.8924558587479936
ロップモン(X抗体).jpg,digi,0.7351097178683386
ロップモン.jpg,digi,0.26047658175842237
ロトスモン.jpg,digi,1.0
ローダーレオモン.jpg,digi,1.0
ロードナイトモン(X抗体).jpg,digi,1.0
ロードナイトモン.jpg,digi,1.0
ワイズモン.jpg,digi,1.0
ワスプモン.jpg,digi,1.0
ワニャモン.jpg,digi,0.9869494290375204
ワルもんざえモン.jpg,digi,1.0
ワルシードラモン.jpg,digi,1.0
ワーガルルモン(X抗体).jpg,digi,1.0
ワーガルルモン(黒).jpg,digi,1.0
ワーガルルモン.jpg,digi,1.0
ワームモン.jpg,digi,0.6533546325878594
ヴァイクモン.jpg,digi,1.0
ヴァジラモン.jpg,digi,1.0
ヴァルキリモン.jpg,digi,0.9984114376489277
ヴァロドゥルモン.jpg,digi,1.0
ヴァンデモン(X抗体).jpg,digi,1.0
ヴァンデモン.jpg,digi,1.0
ヴィカラーラモン.jpg,digi,0.9681528662420382
ヴェノムヴァンデモン.jpg,digi,1.0
ヴォルクドラモン.jpg,digi,1.0
ヴォルケニックドラモン.jpg,digi,1.0
ヴォルフモン.jpg,digi,1.0
ヴォーボモン.jpg,digi,1.0
ヴリトラモン.jpg,digi,1.0
